title,artist,cover,year,id,hasSleeve
Kormac,Word Play,https://i.scdn.co/image/ab67616d0000b2731ff7cd707a5067860908e2ae,Sensual,french jazz-chanson-lounge,TRUE
Ben Harper,Wide Open Light,https://i.scdn.co/image/ab67616d0000b2735b185beba1355d28b933120f,Fiery,edm-dance,TRUE
Sara Watkins,Young In All The Wrong Ways,https://i.scdn.co/image/ab67616d0000b2737c4d062f699679bcb6853a8d,Romantic,djent-progressive metal-progressive rock,TRUE
The Secret Sisters,You Don't Own Me Anymore,https://i.scdn.co/image/ab67616d0000b2737fe6d5f4404e8e1f19e07ebb,Yearning,classical piano-classical-classical-classical piano,TRUE
WZRD,WZRD,https://i.scdn.co/image/ab67616d0000b27384e74436f9a25c8d0ba95213,Yearning,country-classic country,TRUE
The Wailin' Jennys,Wildflowers,https://i.scdn.co/image/ab67616d0000b273a793f7bebe661707202a2c3f,Fiery,french jazz-chanson-lounge,TRUE
Valerie June,You And I (Moon And Stars / Acoustic),https://i.scdn.co/image/ab67616d0000b273d5c49d71d1af4b998250568e,Peaceful,gnawa,TRUE
Mister Modo& Ugly Mac Beer,World Hop! (Parigo No. 17),https://i.scdn.co/image/ab67616d0000b273e1647d4b9f1824969de24507,Stirring,djent-progressive metal-progressive rock,TRUE
Pomplamoose& KT Tunstall,Worst of 2020,https://i.scdn.co/image/ab67616d0000b273e96a0ca1d1096d26722a25ad,Yearning,french jazz-chanson-lounge,TRUE
James McMurtry,The Horses and the Hounds,https://storage.googleapis.com/workthisfucker/ALLLRC/LRC0303241100.jpeg,Urgent,acid jazz-jazz funk,TRUE
James McMurtry,The Horses and the Hounds,https://storage.googleapis.com/workthisfucker/ALLLRC/LRC0303241124.jpeg,Gritty,alt country-americana,TRUE
Tom Petty,Wildflowers,https://storage.googleapis.com/workthisfucker/ALLLRC/LRC030324180.jpeg,Rowdy,alt country-americana-roots rock-country rock,TRUE
Dear Sunday,Deja Vu (Familiar Face),https://storage.googleapis.com/workthisfucker/ALLLRC/LRC110224110.jpeg,Yearning,americana,TRUE
Lim√≥n Lim√≥n& Scoobert Doobert,3:00,https://storage.googleapis.com/workthisfucker/ALLLRC/LRC1102241100.jpeg,Yearning,classical piano-classical-classical piano-classical,TRUE
The Bottle Rockets,24 Hours A Day,https://storage.googleapis.com/workthisfucker/ALLLRC/LRC1102241101.jpeg,Fiery,country-classic country,TRUE
Manu Dibango,African Voodoo,https://storage.googleapis.com/workthisfucker/ALLLRC/LRC1102241102.jpeg,Fiery,free jazz-jazz-free jazz-jazz,TRUE
Steve Miller Band,Book Of Dreams,https://storage.googleapis.com/workthisfucker/ALLLRC/LRC1102241103.jpeg,Sensual,idm-ambient,TRUE
Cautious Clay,Blood Type,https://storage.googleapis.com/workthisfucker/ALLLRC/LRC1102241104.jpeg,Fiery,country-classic country,TRUE
Buffalo Nichols,Buffalo Nichols,https://storage.googleapis.com/workthisfucker/ALLLRC/LRC1102241105.jpeg,Sensual,americana-bluegrass-alt country-folk-southern gothic,TRUE
Raz Simone,Cognitive Dissonance& Pt. 2,https://storage.googleapis.com/workthisfucker/ALLLRC/LRC1102241106.jpeg,Stirring,gnawa,TRUE
Ryan Adams & The Cardinals,Cold Roses,https://storage.googleapis.com/workthisfucker/ALLLRC/LRC1102241107.jpeg,Fiery,gnawa,TRUE
Frank Turner,Be More Kind,https://storage.googleapis.com/workthisfucker/ALLLRC/LRC1102241108.jpeg,Fiery,alt country-americana-roots rock,TRUE
Anders Osborne,American Patchwork,https://storage.googleapis.com/workthisfucker/ALLLRC/LRC1102241109.jpeg,Sensual,alt country-americana-roots rock,TRUE
Patti Smith& Jay Dee Daugherty& Lenny Kaye,Dream Of Life,https://storage.googleapis.com/workthisfucker/ALLLRC/LRC110224111.jpeg,Gritty,alt country-americana,TRUE
Amanaz,Africa,https://storage.googleapis.com/workthisfucker/ALLLRC/LRC1102241110.jpeg,Fiery,alt country-americana-bluegrass,TRUE
Charlie Hunter,Baboon Strength,https://storage.googleapis.com/workthisfucker/ALLLRC/LRC1102241111.jpeg,Sensual,gnawa,TRUE
Mike Doughty,Haughty Melodic (Deluxe Remaster),https://storage.googleapis.com/workthisfucker/ALLLRC/LRC1102241112.jpeg,Yearning,americana-folk-alt country,TRUE
Savana Funk,Ghibli,https://storage.googleapis.com/workthisfucker/ALLLRC/LRC1102241113.jpeg,Stirring,art rock,TRUE
Eels,Earth to Dora,https://storage.googleapis.com/workthisfucker/ALLLRC/LRC110224112.jpeg,Yearning,country-classic country,TRUE
True Loves,Famous Last Words,https://storage.googleapis.com/workthisfucker/ALLLRC/LRC110224113.jpeg,Yearning,art rock,TRUE
Mista Savona& Julito Padron,Havana Meets Kingston,https://storage.googleapis.com/workthisfucker/ALLLRC/LRC110224114.jpeg,Tender,alt country-americana-bluegrass,TRUE
John Fullbright,From The Ground Up,https://storage.googleapis.com/workthisfucker/ALLLRC/LRC110224115.jpeg,Sensual,alt country-americana-roots rock,TRUE
Drew Holcomb & The Neighbors,Good Light,https://storage.googleapis.com/workthisfucker/ALLLRC/LRC110224116.jpeg,Yearning,americana,TRUE
Blue King Brown,Born Free,https://storage.googleapis.com/workthisfucker/ALLLRC/LRC110224117.jpeg,Yearning,idm-ambient,TRUE
Eric McFadden,Eric McFadden does AC/DC (Acoustic Tribute),https://storage.googleapis.com/workthisfucker/ALLLRC/LRC110224118.jpeg,Rowdy,alt country-americana-outlaw country-red dirt-texas country-roots rock,TRUE
Tahini Bikini,Fever Dream,https://storage.googleapis.com/workthisfucker/ALLLRC/LRC110224119.jpeg,Fiery,americana-folk-americana-country-americana-alt country,TRUE
Frank Turner,England Keep My Bones (Deluxe Edition),https://storage.googleapis.com/workthisfucker/ALLLRC/LRC11022412.jpeg,Fiery,classical piano-classical-classical-classical piano-opera-chamber music,TRUE
Sin√©ad O'Connor,I Do Not Want What I Haven't Got,https://storage.googleapis.com/workthisfucker/ALLLRC/LRC110224120.jpeg,Fiery,americana,TRUE
JC Brooks & The Uptown Sound,Howl,https://storage.googleapis.com/workthisfucker/ALLLRC/LRC110224121.jpeg,Rowdy,classical piano-classical-minimalism-classical piano,TRUE
Ziggy Marley,Dragonfly,https://storage.googleapis.com/workthisfucker/ALLLRC/LRC110224122.jpeg,Yearning,djent-progressive metal-progressive rock,TRUE
Ray Bonneville,Bad Man's Blood,https://storage.googleapis.com/workthisfucker/ALLLRC/LRC110224123.jpeg,Yearning,french jazz-chanson-lounge,TRUE
Frank Turner,England Keep My Bones (Deluxe Edition),https://storage.googleapis.com/workthisfucker/ALLLRC/LRC110224124.jpeg,Fiery,bluegrass-newgrass-americana-folk,TRUE
Frank Turner,Be More Kind,https://storage.googleapis.com/workthisfucker/ALLLRC/LRC110224125.jpeg,Empowering,americana,TRUE
The Brothers And Sisters& Merry Clayton,Dylan's Gospel,https://storage.googleapis.com/workthisfucker/ALLLRC/LRC110224126.jpeg,Fiery,americana-folk-alt country,TRUE
Sheku Kanneh-Mason,Bob Marley: No Woman& No Cry (Arr. Cello),https://storage.googleapis.com/workthisfucker/ALLLRC/LRC110224127.jpeg,Yearning,bluegrass-newgrass-americana-folk-alt country,TRUE
Moderator,Chasing the Sun,https://storage.googleapis.com/workthisfucker/ALLLRC/LRC110224128.jpeg,Fiery,edm-dance,TRUE
Brent Cowles,Cold Times,https://storage.googleapis.com/workthisfucker/ALLLRC/LRC110224129.jpeg,Romantic,alt country-americana-roots rock-country rock,TRUE
The New Pornographers& Aimee Mann,Firework in the Falling Snow (Acoustic Version),https://storage.googleapis.com/workthisfucker/ALLLRC/LRC11022413.jpeg,Yearning,alt country-americana-roots rock-country rock,TRUE
Frank Turner,England Keep My Bones (Deluxe Edition),https://storage.googleapis.com/workthisfucker/ALLLRC/LRC110224130.jpeg,Fiery,classical piano-classical-classical piano-classical,TRUE
Angelique Kidjo& Peter Gabriel,Djin Djin,https://storage.googleapis.com/workthisfucker/ALLLRC/LRC110224131.jpeg,Yearning,alt country-americana-bluegrass,TRUE
Anderson .Paak,Come Down,https://storage.googleapis.com/workthisfucker/ALLLRC/LRC110224132.jpeg,Sensual,classical piano-classical-classical-classical piano,TRUE
Band of Horses,Cease To Begin,https://storage.googleapis.com/workthisfucker/ALLLRC/LRC110224133.jpeg,Gritty,americana,TRUE
AQUA STONE THRONE,Children of Light,https://storage.googleapis.com/workthisfucker/ALLLRC/LRC110224134.jpeg,Tender,alt country-americana-roots rock,TRUE
John Hiatt,Crossing Muddy Waters,https://storage.googleapis.com/workthisfucker/ALLLRC/LRC110224135.jpeg,Sensual,americana,TRUE
Allman Brothers Band,Eat A Peach,https://storage.googleapis.com/workthisfucker/ALLLRC/LRC110224136.jpeg,Fiery,classical piano-classical-classical piano-classical,TRUE
Session Americana,Diving For Gold,https://storage.googleapis.com/workthisfucker/ALLLRC/LRC110224137.jpeg,Urgent,classical piano-classical-classical-classical piano-opera-chamber music,TRUE
10\&000 Maniacs,Campfire Songs: The Popular& Obscure and Unknown Recordings of 10&000 Maniacs,https://storage.googleapis.com/workthisfucker/ALLLRC/LRC110224138.jpeg,Yearning,country-classic country,TRUE
Craig Finn,Clear Heart Full Eyes,https://storage.googleapis.com/workthisfucker/ALLLRC/LRC110224139.jpeg,Fiery,edm-dance,TRUE
MC YOGI,All the Love in the World,https://storage.googleapis.com/workthisfucker/ALLLRC/LRC11022414.jpeg,Fiery,alt country-americana-roots rock,TRUE
Rosanne Cash,Country Music - A Film by Ken Burns (The Soundtrack) [Deluxe],https://storage.googleapis.com/workthisfucker/ALLLRC/LRC110224140.jpeg,Sensual,classical piano-classical-minimalism-classical piano,TRUE
Patti Smith,Dream Of Life,https://storage.googleapis.com/workthisfucker/ALLLRC/LRC110224141.jpeg,Yearning,acid jazz-jazz funk,TRUE
Bukahara,Canaries in a Coal Mine,https://storage.googleapis.com/workthisfucker/ALLLRC/LRC110224142.jpeg,Yearning,alt country-americana-roots rock,TRUE
Frank Turner,Be More Kind,https://storage.googleapis.com/workthisfucker/ALLLRC/LRC110224143.jpeg,Fiery,americana-alt country,TRUE
Patti Smith& Jay Dee Daugherty& Lenny Kaye,Dream Of Life,https://storage.googleapis.com/workthisfucker/ALLLRC/LRC110224144.jpeg,Sensual,afro soul-afropop,TRUE
John Hiatt & The Goners,Beneath This Gruff Exterior,https://storage.googleapis.com/workthisfucker/ALLLRC/LRC110224145.jpeg,Easygoing,free jazz-jazz-free jazz-jazz,TRUE
Rosanne Cash,Black Cadillac,https://storage.googleapis.com/workthisfucker/ALLLRC/LRC110224146.jpeg,Sensual,classical piano-classical-classical-classical piano,TRUE
The Cat Empire,Cities,https://storage.googleapis.com/workthisfucker/ALLLRC/LRC110224147.jpeg,Fiery,gnawa,TRUE
Love,Black Beauty (Deluxe Version),https://storage.googleapis.com/workthisfucker/ALLLRC/LRC110224148.jpeg,Peaceful,americana,TRUE
Big Head Todd and The Monsters,Black Beehive,https://storage.googleapis.com/workthisfucker/ALLLRC/LRC110224149.jpeg,Fiery,classical piano-classical-classical piano-classical,TRUE
Dan Reeder,Every Which Way,https://storage.googleapis.com/workthisfucker/ALLLRC/LRC11022415.jpeg,Fiery,classical piano-classical-classical piano-classical,TRUE
Vance Joy,Dream Your Life Away (Special Edition),https://storage.googleapis.com/workthisfucker/ALLLRC/LRC110224150.jpeg,Romantic,alt country-americana-singer-songwriter,TRUE
Frank Turner,Be More Kind,https://storage.googleapis.com/workthisfucker/ALLLRC/LRC110224151.jpeg,Fiery,alt country-americana-singer-songwriter,TRUE
Sol Driven Train,Believe,https://storage.googleapis.com/workthisfucker/ALLLRC/LRC110224152.jpeg,Gritty,alt country-americana-roots rock-country rock,TRUE
Frank Turner,Be More Kind,https://storage.googleapis.com/workthisfucker/ALLLRC/LRC110224153.jpeg,Somber,americana-alt country,TRUE
Hot Tuna,America's Choice,https://storage.googleapis.com/workthisfucker/ALLLRC/LRC110224154.jpeg,Stirring,art rock,TRUE
Frank Turner,Be More Kind,https://storage.googleapis.com/workthisfucker/ALLLRC/LRC110224155.jpeg,Sensual,alt country-americana-singer-songwriter,TRUE
Langhorne Slim,Be Set Free,https://storage.googleapis.com/workthisfucker/ALLLRC/LRC110224156.jpeg,Fiery,americana-folk-alt country,TRUE
Delta Rae& Lindsey Buckingham,Carry the Fire,https://storage.googleapis.com/workthisfucker/ALLLRC/LRC110224157.jpeg,Fiery,alt country-americana-outlaw country-red dirt-texas country-roots rock,TRUE
BALTHVS,Eclipse Solar,https://storage.googleapis.com/workthisfucker/ALLLRC/LRC110224158.jpeg,Fiery,americana,TRUE
Scott Hirsch,Blue Rider Songs,https://storage.googleapis.com/workthisfucker/ALLLRC/LRC110224159.jpeg,Urgent,bluegrass-newgrass-americana-folk,TRUE
Frank Turner,England Keep My Bones (Deluxe Edition),https://storage.googleapis.com/workthisfucker/ALLLRC/LRC11022416.jpeg,Fiery,classical piano-classical-classical-classical piano-opera-chamber music,TRUE
Aerosmith,Draw The Line,https://storage.googleapis.com/workthisfucker/ALLLRC/LRC110224160.jpeg,Rowdy,classical-classical piano-classical piano-classical-idm-ambient-shoegaze-downtempo,TRUE
Jeremy Moses Curtis,Further On: The Songs of Billy Conway,https://storage.googleapis.com/workthisfucker/ALLLRC/LRC110224161.jpeg,Rowdy,edm-dance,TRUE
Patti Smith,Dream Of Life,https://storage.googleapis.com/workthisfucker/ALLLRC/LRC110224162.jpeg,Serious,alt country-americana-outlaw country,TRUE
Galactic& JUVENILE,From the Corner To the Block,https://storage.googleapis.com/workthisfucker/ALLLRC/LRC110224163.jpeg,Fiery,americana-folk-alt country,TRUE
Steve Forbert,Daylight Savings Time,https://storage.googleapis.com/workthisfucker/ALLLRC/LRC110224164.jpeg,Fiery,alt country-americana,TRUE
Pet Shop Boys,Essential Pet Shop Boys,https://storage.googleapis.com/workthisfucker/ALLLRC/LRC110224165.jpeg,Stirring,french jazz-chanson-lounge,TRUE
Patti Smith,Dream Of Life,https://storage.googleapis.com/workthisfucker/ALLLRC/LRC110224166.jpeg,Fiery,alt country-americana-outlaw country-red dirt-texas country-roots rock,TRUE
Kyle McEvoy& Richard Houghten& wowflower,Golden Flow,https://storage.googleapis.com/workthisfucker/ALLLRC/LRC110224167.jpeg,Yearning,americana-folk-alt country,TRUE
King Curtis,Blowin' Off Steam,https://storage.googleapis.com/workthisfucker/ALLLRC/LRC110224168.jpeg,Serious,alt country-anti-folk-folk punk-singer-songwriter-americana-alt country-americana-indie rock,TRUE
Tinariwen,Amassakoul,https://storage.googleapis.com/workthisfucker/ALLLRC/LRC110224169.jpeg,Yearning,alt country-americana-outlaw country,TRUE
Morphine,At Your Service (Anthology),https://storage.googleapis.com/workthisfucker/ALLLRC/LRC11022417.jpeg,Sensual,alt country-americana-bluegrass,TRUE
Dr. Dre& Eminem& Xzibit,2001,https://storage.googleapis.com/workthisfucker/ALLLRC/LRC110224170.jpeg,Sensual,americana,TRUE
No-No Boy,1975,https://storage.googleapis.com/workthisfucker/ALLLRC/LRC110224171.jpeg,Yearning,classical piano-classical-classical-classical piano,TRUE
Umphrey's McGee,ZONKEY,https://storage.googleapis.com/workthisfucker/ALLLRC/LRC110224171.jpeg,Fiery,americana,TRUE
The Bottle Rockets,24 Hours A Day,https://storage.googleapis.com/workthisfucker/ALLLRC/LRC110224172.jpeg,Fiery,free jazz-jazz-free jazz-jazz,TRUE
Frank Turner,Be More Kind,https://storage.googleapis.com/workthisfucker/ALLLRC/LRC110224173.jpeg,Upbeat,alt country-americana-roots rock,TRUE
Kurt Vile,b'lieve i'm goin down...,https://storage.googleapis.com/workthisfucker/ALLLRC/LRC110224174.jpeg,Romantic,gnawa,TRUE
Mac Hanson,Alfa Romeo,https://storage.googleapis.com/workthisfucker/ALLLRC/LRC110224175.jpeg,Brooding,alt country-americana-roots rock,TRUE
Van Halen,1984 (Remastered),https://storage.googleapis.com/workthisfucker/ALLLRC/LRC110224176.jpeg,Romantic,americana,TRUE
Allman Brothers Band,All My Friends: Celebrating The Songs & Voice Of Gregg Allman,https://storage.googleapis.com/workthisfucker/ALLLRC/LRC110224177.jpeg,Melancholy,alt country-americana-outlaw country,TRUE
Frank Turner,Be More Kind,https://storage.googleapis.com/workthisfucker/ALLLRC/LRC110224178.jpeg,Serious,americana,TRUE
Emancipator,Baralku,https://storage.googleapis.com/workthisfucker/ALLLRC/LRC110224179.jpeg,Fiery,classical piano-classical-classical-classical piano-opera-chamber music,TRUE
Mama Zula,Fight It One More Night,https://storage.googleapis.com/workthisfucker/ALLLRC/LRC11022418.jpeg,Yearning,alt country-anti-folk-folk punk-singer-songwriter-americana-alt country-americana-indie rock,TRUE
Tom Petty,Wildflowers,https://storage.googleapis.com/workthisfucker/ALLLRC/LRC11022418.jpeg,Sophisticated,americana-alt country,TRUE
Frank Turner,Be More Kind,https://storage.googleapis.com/workthisfucker/ALLLRC/LRC110224180.jpeg,Fiery,alt country-americana-outlaw country,TRUE
Barbara Keith,Barbara Keith,https://storage.googleapis.com/workthisfucker/ALLLRC/LRC110224181.jpeg,Serious,bluegrass-newgrass-americana-folk-alt country,TRUE
Eric Church,61 Days In Church Volume 2,https://storage.googleapis.com/workthisfucker/ALLLRC/LRC110224182.jpeg,Sensual,free jazz-jazz-free jazz-jazz,TRUE
Lydian Collective,Adventure,https://storage.googleapis.com/workthisfucker/ALLLRC/LRC110224183.jpeg,Rowdy,alt country-americana-roots rock,TRUE
Frank Turner,Be More Kind,https://storage.googleapis.com/workthisfucker/ALLLRC/LRC110224184.jpeg,Sensual,alt country-americana-singer-songwriter,TRUE
Dirty Heads,Dirty Heads,https://storage.googleapis.com/workthisfucker/ALLLRC/LRC110224185.jpeg,Yearning,alt country-americana-singer-songwriter,TRUE
Blind Melon,Blind Melon,https://storage.googleapis.com/workthisfucker/ALLLRC/LRC110224186.jpeg,Sensual,alt country-americana,TRUE
Chet Atkins& Mark Knopfler,Chet Atkins Certified Guitar Player,https://storage.googleapis.com/workthisfucker/ALLLRC/LRC110224187.jpeg,Fiery,alt country-americana-outlaw country-red dirt-texas country-roots rock,TRUE
Frank Turner,Be More Kind,https://storage.googleapis.com/workthisfucker/ALLLRC/LRC110224188.jpeg,Yearning,alt country-americana-outlaw country-red dirt-texas country-roots rock,TRUE
Frank Turner,Be More Kind,https://storage.googleapis.com/workthisfucker/ALLLRC/LRC110224189.jpeg,Stirring,alt country-americana-singer-songwriter,TRUE
Miley Cyrus,Flowers,https://storage.googleapis.com/workthisfucker/ALLLRC/LRC11022419.jpeg,Tender,classical-classical piano-classical piano-classical-idm-ambient-shoegaze-downtempo,TRUE
Matthew Logan Vasquez,Austin,https://storage.googleapis.com/workthisfucker/ALLLRC/LRC110224190.jpeg,Yearning,alt country-americana-roots rock,TRUE
Jackson Browne& Gregg Allman,All My Friends: Celebrating The Songs & Voice Of Gregg Allman,https://storage.googleapis.com/workthisfucker/ALLLRC/LRC110224191.jpeg,Fiery,alt country-americana,TRUE
Eric Church,All My Friends: Celebrating The Songs & Voice Of Gregg Allman,https://storage.googleapis.com/workthisfucker/ALLLRC/LRC110224192.jpeg,Fiery,acid jazz-jazz funk,TRUE
U2,All That You Can't Leave Behind,https://storage.googleapis.com/workthisfucker/ALLLRC/LRC110224193.jpeg,Yearning,classical piano-classical-classical piano-classical,TRUE
Gregoire Maret& Romain Collin& Bill Frisell,Americana,https://storage.googleapis.com/workthisfucker/ALLLRC/LRC110224194.jpeg,Sensual,classical piano-classical-minimalism-classical piano,TRUE
Levi Patel,And She Translated Into the Sky,https://storage.googleapis.com/workthisfucker/ALLLRC/LRC110224195.jpeg,Sensual,classical piano-classical-classical piano-classical,TRUE
The Bottle Rockets,24 Hours A Day,https://storage.googleapis.com/workthisfucker/ALLLRC/LRC110224196.jpeg,Yearning,edm-dance,TRUE
Gitkin,5 Star Motel,https://storage.googleapis.com/workthisfucker/ALLLRC/LRC110224197.jpeg,Serious,americana,TRUE
Coldplay,A Rush of Blood to the Head,https://storage.googleapis.com/workthisfucker/ALLLRC/LRC110224198.jpeg,Serious,alt country-anti-folk-folk punk-singer-songwriter-americana-alt country-americana-indie rock,TRUE
Amythyst Kiah & Her Chest of Glass,Amythyst Kiah and Her Chest of Glass,https://storage.googleapis.com/workthisfucker/ALLLRC/LRC110224199.jpeg,Serious,free jazz-jazz-free jazz-jazz,TRUE
The Felice Brothers,Yonder Is The Clock,https://storage.googleapis.com/workthisfucker/ALLLRC/LRC110224199.jpeg,Fiery,americana-alt country,TRUE
Sin√©ad O'Connor,God Don't Never Change: The Songs Of Blind Willie Johnson,https://storage.googleapis.com/workthisfucker/ALLLRC/LRC1102242a1.jpeg,Fiery,classical piano-classical-classical piano-classical,TRUE
Justin Jay& Benny Bridges,Home,https://storage.googleapis.com/workthisfucker/ALLLRC/LRC1102242a2.jpeg,Serious,alt country-americana-singer-songwriter,TRUE
Khruangbin,Mordechai,https://storage.googleapis.com/workthisfucker/ALLLRC/LRC90012.jpeg,Rowdy,alt country-americana-outlaw country-red dirt-texas country-roots rock,TRUE
John Hiatt,The Best Of John Hiatt,https://storage.googleapis.com/workthisfucker/ALLLRC/LRC90017.jpeg,Urgent,art rock,TRUE
Chris Hazelton's Boogaloo 7,The Basement Beat,https://storage.googleapis.com/workthisfucker/ALLLRC/LRC90020.jpeg,Fiery,americana-bluegrass-alt country-folk-southern gothic,TRUE
John Hiatt,The Best Of John Hiatt,https://storage.googleapis.com/workthisfucker/ALLLRC/LRC90023.jpeg,Romantic,americana-alt country,TRUE
Maren Morris,Restoration: The Songs Of Elton John And Bernie Taupin,https://storage.googleapis.com/workthisfucker/ALLLRC/LRC90024.jpeg,Yearning,classical-classical piano-classical piano-classical-idm-ambient-shoegaze-downtempo,TRUE
Mikey Pauker& Equanimous,Say Yes (Equanimous Remix),https://storage.googleapis.com/workthisfucker/ALLLRC/LRC90025.jpeg,Sensual,americana,TRUE
Dr. Lonnie Smith& Iggy Pop,Sunshine Superman (Radio Edit),https://storage.googleapis.com/workthisfucker/ALLLRC/LRC90026.jpeg,Sensual,americana,TRUE
Cracker,Sunrise In The Land Of Milk And Honey,https://storage.googleapis.com/workthisfucker/ALLLRC/LRC90027.jpeg,Fiery,alt country-americana,TRUE
Rodney Crowell& Rosanne Cash& John Paul White,It Ain't Over Yet,https://storage.googleapis.com/workthisfucker/ALLLRC/LRC90028.jpeg,Peaceful,bluegrass-newgrass-americana-folk,TRUE
Whiskeytown,Pneumonia,https://storage.googleapis.com/workthisfucker/ALLLRC/LRC90029.jpeg,Sensual,free jazz-jazz-free jazz-jazz,TRUE
Camper Van Beethoven,Telephone Free Landslide Victory,https://storage.googleapis.com/workthisfucker/ALLLRC/LRC90030.jpeg,Fiery,bluegrass-newgrass-americana-folk,TRUE
Sarah Jarosz,Spotify Singles,https://storage.googleapis.com/workthisfucker/ALLLRC/LRC90031.jpeg,Gritty,americana,TRUE
Big Dipper,Supercluster: The Big Dipper Anthology,https://storage.googleapis.com/workthisfucker/ALLLRC/LRC90039.jpeg,Sensual,classical piano-classical-minimalism-classical piano,TRUE
Taffetas,Taffetas,https://storage.googleapis.com/workthisfucker/ALLLRC/LRC90040.jpeg,Romantic,acid jazz-jazz funk,TRUE
Samuel Brooks,Safer,https://storage.googleapis.com/workthisfucker/ALLLRC/LRC90041.jpeg,Yearning,americana-bluegrass-alt country-folk-southern gothic,TRUE
John Hiatt,The Best Of John Hiatt,https://storage.googleapis.com/workthisfucker/ALLLRC/LRC90044.jpeg,Sensual,country-classic country,TRUE
Aaron Lee Tasjan,Stellar Evolution,https://storage.googleapis.com/workthisfucker/ALLLRC/LRC90045.jpeg,Upbeat,bluegrass-newgrass-americana-folk-alt country,TRUE
Steve Forbert,Daylight Savings Time,https://storage.googleapis.com/workthisfucker/ALLLRC/LRC90047.jpeg,Urgent,afro soul-afropop,TRUE
The Stills-Young Band,Neil Young Archives Vol. II (1972 - 1976),https://storage.googleapis.com/workthisfucker/ALLLRC/LRC9008.jpeg,Yearning,alt country-americana-singer-songwriter,TRUE
Graham Parker & The Rumour,Stick To Me,https://storage.googleapis.com/workthisfucker/ALLLRC/LRC90084.jpeg,Sensual,alt country-americana-roots rock-country rock,TRUE
Dawes,Nothing Is Wrong (10th Anniversary Deluxe Edition),https://storage.googleapis.com/workthisfucker/ALLLRC/LRC90089.jpeg,Empowering,americana-bluegrass-alt country-folk-southern gothic,TRUE
Railroad Earth& OurVinyl,Railroad Earth | OurVinyl Sessions,https://storage.googleapis.com/workthisfucker/ALLLRC/LRC9009.jpeg,Fiery,americana-alt country,TRUE
Owl City,Ocean Eyes,https://storage.googleapis.com/workthisfucker/ALLLRC/LRC90090.jpeg,Urgent,country-classic country,TRUE
Arc De Soleil,The Thief in Marrakesh Got Caught in Amsterdam Trying to Escape,https://storage.googleapis.com/workthisfucker/ALLLRC/LRC99036.jpeg,Yearning,bluegrass-newgrass-americana-folk,TRUE
Jade Bird,Lottery,https://storage.googleapis.com/workthisfucker/ALLLRC/LRCSource1.jpg,Sensual,americana-alt country,TRUE
The Bottle Rockets,Not So Loud: An Acoustic Evening with the Bottle Rockets,https://storage.googleapis.com/workthisfucker/ALLLRC/LRCSource103.jpg,Sensual,french jazz-chanson-lounge,TRUE
Tord Gustavsen Trio,The Ground,https://storage.googleapis.com/workthisfucker/ALLLRC/LRCSource105.jpg,Somber,free jazz-jazz-free jazz-jazz,TRUE
Jos√© Gonz√°lez,Stay Alive (From The Secret Life Of Walter Mitty),https://storage.googleapis.com/workthisfucker/ALLLRC/LRCSource107.jpg,Fiery,alt country-americana-singer-songwriter,TRUE
Ryan Montbleau,Live at Life is good,https://storage.googleapis.com/workthisfucker/ALLLRC/LRCSource108.jpg,Sensual,classical piano-classical-classical piano-classical,TRUE
Matt Maeson& Lana Del Rey,Hallucinogenics (feat. Lana Del Rey),https://storage.googleapis.com/workthisfucker/ALLLRC/LRCSource11.jpg,Upbeat,americana,TRUE
Wilczynski,Cafe Microphone / 32¬∞ Fahrenheit,https://storage.googleapis.com/workthisfucker/ALLLRC/LRCSource110.jpg,Rowdy,acid jazz-jazz funk,TRUE
Amanda Shires,Carrying Lightning,https://storage.googleapis.com/workthisfucker/ALLLRC/LRCSource112.jpg,Stirring,americana-folk-alt country,TRUE
Sunnan,Cinema Sound System,https://storage.googleapis.com/workthisfucker/ALLLRC/LRCSource113.jpg,Fiery,alt country-americana-singer-songwriter,TRUE
Jesse Dayton,The Revealer,https://storage.googleapis.com/workthisfucker/ALLLRC/LRCSource114.jpg,Urgent,americana-alt country,TRUE
Anderson .Paak,Malibu,https://storage.googleapis.com/workthisfucker/ALLLRC/LRCSource119.jpg,Urgent,alt country-americana-outlaw country-red dirt-texas country-roots rock,TRUE
Ukandanz,Evil Plan,https://storage.googleapis.com/workthisfucker/ALLLRC/LRCSource12.jpg,Peaceful,alt country-americana-roots rock,TRUE
DOPE LEMON,Kimosab√®,https://storage.googleapis.com/workthisfucker/ALLLRC/LRCSource120.jpg,Yearning,americana,TRUE
9 Lazy 9,Bedsofaland,https://storage.googleapis.com/workthisfucker/ALLLRC/LRCSource124.jpg,Yearning,bluegrass-newgrass-americana-folk-alt country,TRUE
Mo' Horizons,Come Touch The Sun,https://storage.googleapis.com/workthisfucker/ALLLRC/LRCSource125.jpg,Sensual,gnawa,TRUE
Dave Matthews Band,Come Tomorrow,https://storage.googleapis.com/workthisfucker/ALLLRC/LRCSource126.jpg,Yearning,alt country-americana,TRUE
Jon Dee Graham,Knoxville Skyline,https://storage.googleapis.com/workthisfucker/ALLLRC/LRCSource127.jpg,Sensual,classical piano-classical-classical-classical piano-opera-chamber music,TRUE
Sin√©ad O'Connor,I Do Not Want What I Haven't Got,https://storage.googleapis.com/workthisfucker/ALLLRC/LRCSource128.jpg,Melancholy,alt country-americana-singer-songwriter,TRUE
Bob Schneider,I'm Good Now,https://storage.googleapis.com/workthisfucker/ALLLRC/LRCSource13.jpg,Sensual,alt country-americana-roots rock,TRUE
The Mighty Rootsmen& Toots & The Maytals& Gregory Isaacs& Mykal Rose,I Won't Back Down,https://storage.googleapis.com/workthisfucker/ALLLRC/LRCSource130.jpg,Sensual,afro soul-afropop,TRUE
The Cat Empire,Blood on the Stage,https://storage.googleapis.com/workthisfucker/ALLLRC/LRCSource131.jpg,Fiery,americana-folk-alt country,TRUE
Bruce Hornsby,Halcyon Days (Expanded Edition),https://storage.googleapis.com/workthisfucker/ALLLRC/LRCSource132.jpg,Fiery,acid jazz-jazz funk,TRUE
Unknown Mortal Orchestra,II (10 Year Anniversary Edition),https://storage.googleapis.com/workthisfucker/ALLLRC/LRCSource133.jpg,Romantic,alt country-americana-outlaw country-red dirt-texas country-roots rock,TRUE
Courtney Marie Andrews,Kindness of Strangers,https://storage.googleapis.com/workthisfucker/ALLLRC/LRCSource134.jpg,Melancholy,americana-folk-alt country,TRUE
Dave Matthews Band,Come Tomorrow,https://storage.googleapis.com/workthisfucker/ALLLRC/LRCSource135.jpg,Romantic,afro soul-afropop,TRUE
Body Count& David Gilmour,Comfortably Numb,https://storage.googleapis.com/workthisfucker/ALLLRC/LRCSource136.jpg,Yearning,classical-classical piano-classical piano-classical-idm-ambient-shoegaze-downtempo,TRUE
DOPE LEMON,Honey Bones,https://storage.googleapis.com/workthisfucker/ALLLRC/LRCSource138.jpg,Fiery,afro soul-afropop,TRUE
Jake Xerxes Fussell,Good and Green Again,https://storage.googleapis.com/workthisfucker/ALLLRC/LRCSource14.jpg,Tender,country-classic country,TRUE
John Mellencamp,Life& Death& Love And Freedom,https://storage.googleapis.com/workthisfucker/ALLLRC/LRCSource141.jpg,Fiery,classical piano-classical-classical piano-classical,TRUE
Frank Turner,England Keep My Bones (Deluxe Edition),https://storage.googleapis.com/workthisfucker/ALLLRC/LRCSource142.jpg,Fiery,classical piano-classical-classical-classical piano-opera-chamber music,TRUE
David Byrne,Live From Austin& TX,https://storage.googleapis.com/workthisfucker/ALLLRC/LRCSource146.jpg,Fiery,americana,TRUE
Rosanne Cash,Land of Dreams (with Los Lobos & Bebel Gilberto),https://storage.googleapis.com/workthisfucker/ALLLRC/LRCSource148.jpg,Sensual,classical piano-classical-classical piano-classical,TRUE
Zac Brown Band,Pass the Jar - Zac Brown Band and Friends from the Fabulous Fox Theatre in Atlanta (Live),https://storage.googleapis.com/workthisfucker/ALLLRC/LRCSource149.jpg,Romantic,americana-alt country,TRUE
Sin√©ad O'Connor,I Do Not Want What I Haven't Got,https://storage.googleapis.com/workthisfucker/ALLLRC/LRCSource15.jpg,Fiery,alt country-americana-roots rock,TRUE
The Rolling Stones,Let It Bleed,https://storage.googleapis.com/workthisfucker/ALLLRC/LRCSource150.jpg,Upbeat,americana,TRUE
Menahan Street Band,The Exciting Sounds of Menahan Street Band,https://storage.googleapis.com/workthisfucker/ALLLRC/LRCSource151.jpg,Romantic,americana-folk-americana-country-americana-alt country,TRUE
Sarah Shook & the Disarmers,The Way She Looked at You / Devil May Care,https://storage.googleapis.com/workthisfucker/ALLLRC/LRCSource154.jpg,Sensual,americana,TRUE
Bob Seger,Stranger In Town,https://storage.googleapis.com/workthisfucker/ALLLRC/LRCSource155.jpg,Romantic,bluegrass-newgrass-americana-folk,TRUE
Electric Light Orchestra,Face the Music,https://storage.googleapis.com/workthisfucker/ALLLRC/LRCSource158.jpg,Yearning,alt country-americana-roots rock,TRUE
Alpha Blondy,Jah Victory,https://storage.googleapis.com/workthisfucker/ALLLRC/LRCSource16.jpg,Fiery,alt country-americana,TRUE
Jason Isbell and the 400 Unit,Cumberland Gap,https://storage.googleapis.com/workthisfucker/ALLLRC/LRCSource160.jpg,Fiery,gnawa,TRUE
Art Lown,Sad About the Times,https://storage.googleapis.com/workthisfucker/ALLLRC/LRCSource162.jpg,Serious,americana-folk-alt country,TRUE
Frank Turner,Songbook,https://storage.googleapis.com/workthisfucker/ALLLRC/LRCSource163.jpg,Fiery,alt country-americana-outlaw country,TRUE
Reckless Kelly,Sunset Motel,https://storage.googleapis.com/workthisfucker/ALLLRC/LRCSource164.jpg,Yearning,gnawa,TRUE
JJ Grey & Mofro,Ol' Glory (Deluxe Version),https://storage.googleapis.com/workthisfucker/ALLLRC/LRCSource166.jpg,Fiery,alt country-americana-singer-songwriter,TRUE
M. Ward& Zooey Deschanel,Hold Time,https://storage.googleapis.com/workthisfucker/ALLLRC/LRCSource167.jpg,Yearning,classical piano-classical-classical piano-classical,TRUE
Grinderman,Grinderman 2,https://storage.googleapis.com/workthisfucker/ALLLRC/LRCSource168.jpg,Yearning,americana,TRUE
Tony Allen& Damon Albarn,Film of Life,https://storage.googleapis.com/workthisfucker/ALLLRC/LRCSource169.jpg,Fiery,classical piano-classical-classical piano-classical,TRUE
Q Funktion,Like I Usually Do,https://storage.googleapis.com/workthisfucker/ALLLRC/LRCSource17.jpg,Melancholy,free jazz-jazz-free jazz-jazz,TRUE
Ziggy Marley,Love Is My Religion,https://storage.googleapis.com/workthisfucker/ALLLRC/LRCSource170.jpg,Yearning,edm-dance,TRUE
Thin Lizzy,Jailbreak (Deluxe Edition),https://storage.googleapis.com/workthisfucker/ALLLRC/LRCSource171.jpg,Sensual,djent-progressive metal-progressive rock,TRUE
Wilczynski,Cafe Microphone / 32¬∞ Fahrenheit,https://storage.googleapis.com/workthisfucker/ALLLRC/LRCSource172.jpg,Fiery,alt country-americana,TRUE
Domenique Dumont,Comme √ßa,https://storage.googleapis.com/workthisfucker/ALLLRC/LRCSource176.jpg,Fiery,classical piano-classical-minimalism-classical piano,TRUE
Rsn,Analog Memories,https://storage.googleapis.com/workthisfucker/ALLLRC/LRCSource178.jpg,Sensual,country-classic country,TRUE
Hollow Ship,Future Remains,https://storage.googleapis.com/workthisfucker/ALLLRC/LRCSource18.jpg,Fiery,djent-progressive metal-progressive rock,TRUE
Sean Rowe,The Darkness Dressed in Colored Lights,https://storage.googleapis.com/workthisfucker/ALLLRC/LRCSource180.jpg,Fiery,americana,TRUE
Frank Turner,Be More Kind,https://storage.googleapis.com/workthisfucker/ALLLRC/LRCSource184.jpg,Fiery,americana,TRUE
Fleetwood Mac,Fleetwood Mac,https://storage.googleapis.com/workthisfucker/ALLLRC/LRCSource185.jpg,Sophisticated,classical piano-classical-classical piano-classical,TRUE
Joe Strummer& The Mescaleros,Global A Go-Go,https://storage.googleapis.com/workthisfucker/ALLLRC/LRCSource186.jpg,Fiery,classical-classical piano-classical piano-classical-idm-ambient-shoegaze-downtempo,TRUE
Lyle Lovett,The Road To Ensenada,https://storage.googleapis.com/workthisfucker/ALLLRC/LRCSource187.jpg,Stirring,americana,TRUE
Creedence Clearwater Revival,Mardi Gras,https://storage.googleapis.com/workthisfucker/ALLLRC/LRCSource188.jpg,Yearning,bluegrass-newgrass-americana-folk-alt country,TRUE
Justin Townes Earle,The Saint Of Lost Causes,https://storage.googleapis.com/workthisfucker/ALLLRC/LRCSource189.jpg,Yearning,americana,TRUE
Funkadelic,Funkadelic,https://storage.googleapis.com/workthisfucker/ALLLRC/LRCSource19.jpg,Upbeat,classical piano-classical-classical piano-classical,TRUE
Woods,Strange to Explain,https://storage.googleapis.com/workthisfucker/ALLLRC/LRCSource193.jpg,Fiery,classical piano-classical-classical piano-classical,TRUE
Mott The Hoople,Mott (Expanded Edition),https://storage.googleapis.com/workthisfucker/ALLLRC/LRCSource194.jpg,Fiery,americana,TRUE
Blind Melon,Blind Melon,https://storage.googleapis.com/workthisfucker/ALLLRC/LRCSource195.jpg,Yearning,afro soul-afropop,TRUE
Emancipator,Baralku,https://storage.googleapis.com/workthisfucker/ALLLRC/LRCSource196.jpg,Serious,classical piano-classical-minimalism-classical piano,TRUE
Bob Marley & The Wailers,Rastaman Vibration,https://storage.googleapis.com/workthisfucker/ALLLRC/LRCSource197.jpg,Sensual,alt country-americana-bluegrass,TRUE
Tommy Guerrero,Perpetuum,https://storage.googleapis.com/workthisfucker/ALLLRC/LRCSource198.jpg,Yearning,americana-folk-alt country,TRUE
Robert Palmer,Clues (Expanded Edition),https://storage.googleapis.com/workthisfucker/ALLLRC/LRCSource2.jpg,Fiery,alt country-americana-roots rock-country rock,TRUE
Etta James,Heart & Soul: A Retrospective,https://storage.googleapis.com/workthisfucker/ALLLRC/LRCSource20.jpg,Fiery,americana-folk-alt country,TRUE
Bedouin Soundclash& Frank Turner,When the Night Feels My Song (Reimagined),https://storage.googleapis.com/workthisfucker/ALLLRC/LRCSource200.jpg,Sensual,alt country-americana-bluegrass,TRUE
Frank Turner,Songbook,https://storage.googleapis.com/workthisfucker/ALLLRC/LRCSource201.jpg,Fiery,afro soul-afropop,TRUE
Ray Wylie Hubbard,Ruffian's Misfortune,https://storage.googleapis.com/workthisfucker/ALLLRC/LRCSource206.jpg,Upbeat,americana-folk-alt country,TRUE
Rihanna& JAY-Z,Good Girl Gone Bad,https://storage.googleapis.com/workthisfucker/ALLLRC/LRCSource21.jpg,Somber,classical piano-classical-classical piano-classical,TRUE
Ondara,Tales Of America,https://storage.googleapis.com/workthisfucker/ALLLRC/LRCSource211.jpg,Peaceful,idm-ambient,TRUE
Deren Ney,West Coast Mama,https://storage.googleapis.com/workthisfucker/ALLLRC/LRCSource212.jpg,Tender,alt country-americana-outlaw country,TRUE
Dom Flemons,Prospect Hill,https://storage.googleapis.com/workthisfucker/ALLLRC/LRCSource215.jpg,Sensual,americana-folk-alt country,TRUE
Bibio,Ribbons,https://storage.googleapis.com/workthisfucker/ALLLRC/LRCSource216.jpg,Sensual,idm-ambient,TRUE
Fleetwood Mac,Bare Trees,https://storage.googleapis.com/workthisfucker/ALLLRC/LRCSource217.jpg,Fiery,americana-folk-americana-country-americana-alt country,TRUE
Son Volt,Notes of Blue,https://storage.googleapis.com/workthisfucker/ALLLRC/LRCSource218.jpg,Fiery,djent-progressive metal-progressive rock,TRUE
Jason Isbell and the 400 Unit,Hope the High Road,https://storage.googleapis.com/workthisfucker/ALLLRC/LRCSource219.jpg,Romantic,alt country-americana-roots rock,TRUE
Linda Ronstadt,Heart Like A Wheel,https://storage.googleapis.com/workthisfucker/ALLLRC/LRCSource22.jpg,Easygoing,americana-folk-alt country,TRUE
Neil Young,Freedom,https://storage.googleapis.com/workthisfucker/ALLLRC/LRCSource220.jpg,Yearning,alt country-americana-roots rock,TRUE
Ziggy Marley,Long Story Short: Willie Nelson 90 (Live At The Hollywood Bowl),https://storage.googleapis.com/workthisfucker/ALLLRC/LRCSource221.jpg,Stirring,alt country-americana-roots rock,TRUE
Sean Rowe,New Lore (Deluxe Edition),https://storage.googleapis.com/workthisfucker/ALLLRC/LRCSource222.jpg,Fiery,art rock,TRUE
Moderator,Funk for Food,https://storage.googleapis.com/workthisfucker/ALLLRC/LRCSource223.jpg,Fiery,french jazz-chanson-lounge,TRUE
Alpha Blondy,Jah Victory,https://storage.googleapis.com/workthisfucker/ALLLRC/LRCSource224.jpg,Rowdy,afro soul-afropop,TRUE
David Gray,Money (That's What I Want) [From Jim Beam's Live Music Series],https://storage.googleapis.com/workthisfucker/ALLLRC/LRCSource225.jpg,Fiery,acid jazz-jazz funk,TRUE
The Cars,The Cars,https://storage.googleapis.com/workthisfucker/ALLLRC/LRCSource227.jpg,Sensual,afro soul-afropop,TRUE
The Be Good Tanyas,Hello Love,https://storage.googleapis.com/workthisfucker/ALLLRC/LRCSource23.jpg,Sensual,acid jazz-jazz funk,TRUE
Galactic& Mavis Staples,Into The Deep (Deluxe Edition),https://storage.googleapis.com/workthisfucker/ALLLRC/LRCSource231.jpg,Sensual,classical-classical piano-classical piano-classical-idm-ambient-shoegaze-downtempo,TRUE
Peter Tosh,Mama Africa,https://storage.googleapis.com/workthisfucker/ALLLRC/LRCSource232.jpg,Sensual,gnawa,TRUE
Traveling Wilburys,The Traveling Wilburys& Vol. 1,https://storage.googleapis.com/workthisfucker/ALLLRC/LRCSource233.jpg,Fiery,afro soul-afropop,TRUE
Cowboy Junkies,One Soul Now,https://storage.googleapis.com/workthisfucker/ALLLRC/LRCSource234.jpg,Rowdy,alt country-anti-folk-folk punk-singer-songwriter-americana-alt country-americana-indie rock,TRUE
Norah Jones,The Bridge School Concerts 25th Anniversary Edition,https://storage.googleapis.com/workthisfucker/ALLLRC/LRCSource236.jpg,Cool,classical piano-classical-classical piano-classical,TRUE
Perpetual Groove,Sweet Oblivious Antidote (Live),https://storage.googleapis.com/workthisfucker/ALLLRC/LRCSource237.jpg,Stirring,classical piano-classical-classical-classical piano-opera-chamber music,TRUE
Chris Stapleton,Starting Over,https://storage.googleapis.com/workthisfucker/ALLLRC/LRCSource238.jpg,Romantic,americana,TRUE
Rosanne Cash,Rosanne Cash Super Hits,https://storage.googleapis.com/workthisfucker/ALLLRC/LRCSource239.jpg,Fiery,classical piano-classical-classical-classical piano,TRUE
James Tillman,Magic City Thrill,https://storage.googleapis.com/workthisfucker/ALLLRC/LRCSource24.jpg,Urgent,alt country-americana-roots rock,TRUE
Lusser,Something Appropriate,https://storage.googleapis.com/workthisfucker/ALLLRC/LRCSource241.jpg,Sensual,bluegrass-newgrass-americana-folk-alt country,TRUE
M.I.A.,Paper Planes,https://storage.googleapis.com/workthisfucker/ALLLRC/LRCSource242.jpg,Fiery,americana-folk-americana-country-americana-alt country,TRUE
Mark Sandman,Sandbox: The Original Music Of Mark Sandman,https://storage.googleapis.com/workthisfucker/ALLLRC/LRCSource243.jpg,Sensual,bluegrass-newgrass-americana-folk-alt country,TRUE
The Barr Brothers,Let it Hiss,https://storage.googleapis.com/workthisfucker/ALLLRC/LRCSource244.jpg,Fiery,acid jazz-jazz funk,TRUE
The Flying Stars Of Brooklyn NY& Aaron Frazer,My God Has a Telephone,https://storage.googleapis.com/workthisfucker/ALLLRC/LRCSource245.jpg,Fiery,americana,TRUE
Dire Straits,Live At The BBC,https://storage.googleapis.com/workthisfucker/ALLLRC/LRCSource246.jpg,Yearning,classical-classical piano-classical piano-classical-idm-ambient-shoegaze-downtempo,TRUE
The Revivalists,Men Amongst Mountains,https://storage.googleapis.com/workthisfucker/ALLLRC/LRCSource247.jpg,Easygoing,americana-alt country,TRUE
Justin Townes Earle,Midnight at the Movies,https://storage.googleapis.com/workthisfucker/ALLLRC/LRCSource248.jpg,Somber,classical piano-classical-classical-classical piano-opera-chamber music,TRUE
The Head And The Heart,The Head and the Heart,https://storage.googleapis.com/workthisfucker/ALLLRC/LRCSource249.jpg,Sensual,classical piano-classical-classical-classical piano-opera-chamber music,TRUE
David Byrne& St. Vincent,Love This Giant,https://storage.googleapis.com/workthisfucker/ALLLRC/LRCSource25.jpg,Fiery,alt country-americana,TRUE
Maroon 5,Songs About Jane: 10th Anniversary Edition,https://storage.googleapis.com/workthisfucker/ALLLRC/LRCSource250.jpg,Fiery,bluegrass-newgrass-americana-folk-alt country,TRUE
Ike Reilly,Salesmen & Racists,https://storage.googleapis.com/workthisfucker/ALLLRC/LRCSource251.jpg,Fiery,acid jazz-jazz funk,TRUE
Reckless Kelly,Sunset Motel,https://storage.googleapis.com/workthisfucker/ALLLRC/LRCSource252.jpg,Fiery,french jazz-chanson-lounge,TRUE
Rufus & Chaka Khan& Chaka Khan,Rags To Rufus,https://storage.googleapis.com/workthisfucker/ALLLRC/LRCSource253.jpg,Fiery,americana-alt country,TRUE
Frank Turner,Songbook,https://storage.googleapis.com/workthisfucker/ALLLRC/LRCSource255.jpg,Cool,alt country-americana,TRUE
Paul & The Tall Trees,So Long,https://storage.googleapis.com/workthisfucker/ALLLRC/LRCSource256.jpg,Fiery,classical piano-classical-classical piano-classical,TRUE
Benjamin Gustafsson,Dear Earth& I'm Lost,https://storage.googleapis.com/workthisfucker/ALLLRC/LRCSource26.jpg,Upbeat,bluegrass-newgrass-americana-folk,TRUE
The Felice Brothers,The Felice Brothers,https://storage.googleapis.com/workthisfucker/ALLLRC/LRCSource264.jpg,Peaceful,edm-dance,TRUE
Sin√©ad O'Connor,Universal Mother,https://storage.googleapis.com/workthisfucker/ALLLRC/LRCSource265.jpg,Fiery,americana-alt country,TRUE
Lord Huron,Mine Forever,https://storage.googleapis.com/workthisfucker/ALLLRC/LRCSource266.jpg,Fiery,americana,TRUE
Tift Merritt,Stitch of the World (Deluxe Edition),https://storage.googleapis.com/workthisfucker/ALLLRC/LRCSource27.jpg,Fiery,classical piano-classical-classical piano-classical,TRUE
MC YOGI,Triumphant,https://storage.googleapis.com/workthisfucker/ALLLRC/LRCSource272.jpg,Fiery,alt country-americana-singer-songwriter,TRUE
Zac Brown Band,Welcome Home,https://storage.googleapis.com/workthisfucker/ALLLRC/LRCSource282.jpg,Yearning,americana-folk-alt country,TRUE
Zac Brown Band,Welcome Home,https://storage.googleapis.com/workthisfucker/ALLLRC/LRCSource283.jpg,Yearning,art rock,TRUE
Kid Cudi,Man On The Moon: The End Of Day,https://storage.googleapis.com/workthisfucker/ALLLRC/LRCSource286.jpg,Romantic,free jazz-jazz-free jazz-jazz,TRUE
Zac Brown Band,Pass the Jar - Zac Brown Band and Friends from the Fabulous Fox Theatre in Atlanta (Live),https://storage.googleapis.com/workthisfucker/ALLLRC/LRCSource287.jpg,Sensual,americana-alt country,TRUE
Vieux Farka Tour√©,Les Racines,https://storage.googleapis.com/workthisfucker/ALLLRC/LRCSource288.jpg,Fiery,americana-alt country,TRUE
The-Dream& Gary Clark Jr.,IV Play (Deluxe),https://storage.googleapis.com/workthisfucker/ALLLRC/LRCSource289.jpg,Romantic,edm-dance,TRUE
The Alchemist,Israeli Salad,https://storage.googleapis.com/workthisfucker/ALLLRC/LRCSource290.jpg,Stirring,americana-bluegrass-alt country-folk-southern gothic,TRUE
Joan As Police Woman,The Deep Field,https://storage.googleapis.com/workthisfucker/ALLLRC/LRCSource291.jpg,Fiery,alt country-americana-singer-songwriter,TRUE
Andy Shauf,The Bearer of Bad News,https://storage.googleapis.com/workthisfucker/ALLLRC/LRCSource292.jpg,Fiery,americana-folk-americana-country-americana-alt country,TRUE
Langhorne Slim,Lost At Last Vol. 1,https://storage.googleapis.com/workthisfucker/ALLLRC/LRCSource293.jpg,Sensual,americana-alt country,TRUE
Ziggy Marley& Lisa Loeb,More Family Time,https://storage.googleapis.com/workthisfucker/ALLLRC/LRCSource294.jpg,Fiery,classical piano-classical-minimalism-classical piano,TRUE
Brandy Clark& Brandi Carlile,Same Devil (feat. Brandi Carlile),https://storage.googleapis.com/workthisfucker/ALLLRC/LRCSource295.jpg,Fiery,americana,TRUE
Voices of Fire& Pharrell Williams,JOY (Unspeakable) (feat. Pharrell Williams),https://storage.googleapis.com/workthisfucker/ALLLRC/LRCSource296.jpg,Fiery,classical piano-classical-classical piano-classical,TRUE
Coffee Cub,Ibiza,https://storage.googleapis.com/workthisfucker/ALLLRC/LRCSource297.jpg,Yearning,alt country-americana-singer-songwriter,TRUE
Toots & The Maytals,Funky Kingston,https://storage.googleapis.com/workthisfucker/ALLLRC/LRCSource298.jpg,Stirring,americana,TRUE
Max Romeo,The Max Romeo Catalog Chapter 1 - Verse 1-16,https://storage.googleapis.com/workthisfucker/ALLLRC/LRCSource299.jpg,Tender,alt country-americana-bluegrass,TRUE
Taffetas,Taffetas,https://storage.googleapis.com/workthisfucker/ALLLRC/LRCSource3.jpg,Lively,alt country-americana,TRUE
Jon Batiste,Battle Hymn of the Republic,https://storage.googleapis.com/workthisfucker/ALLLRC/LRCSource30.jpg,Romantic,alt country-americana-outlaw country,TRUE
Bombino,Nomad,https://storage.googleapis.com/workthisfucker/ALLLRC/LRCSource300.jpg,Romantic,americana,TRUE
Cracker,Sunrise In The Land Of Milk And Honey,https://storage.googleapis.com/workthisfucker/ALLLRC/LRCSource301.jpg,Fiery,afro soul-afropop,TRUE
John Hiatt,The Best Of John Hiatt,https://storage.googleapis.com/workthisfucker/ALLLRC/LRCSource304.jpg,Serious,bluegrass-newgrass-americana-folk,TRUE
Sam Outlaw,Tenderheart,https://storage.googleapis.com/workthisfucker/ALLLRC/LRCSource305.jpg,Stirring,country-classic country,TRUE
BADBADNOTGOOD& Leland Whitty,III,https://storage.googleapis.com/workthisfucker/ALLLRC/LRCSource306.jpg,Stirring,bluegrass-newgrass-americana-folk,TRUE
Jenny Lewis,Joy'All,https://storage.googleapis.com/workthisfucker/ALLLRC/LRCSource309.jpg,Stirring,americana-folk-americana-country-americana-alt country,TRUE
Nil√ºfer Yanya,Extraordinary Renditions,https://storage.googleapis.com/workthisfucker/ALLLRC/LRCSource31.jpg,Yearning,alt country-americana-roots rock,TRUE
Ziggy Marley& Ben Harper,More Family Time,https://storage.googleapis.com/workthisfucker/ALLLRC/LRCSource310.jpg,Yearning,classical-classical piano-classical piano-classical-idm-ambient-shoegaze-downtempo,TRUE
Bobby Alu,Bobby Alu,https://storage.googleapis.com/workthisfucker/ALLLRC/LRCSource311.jpg,Fiery,alt country-americana-roots rock,TRUE
Santana& Chris Stapleton,Blessings and Miracles,https://storage.googleapis.com/workthisfucker/ALLLRC/LRCSource312.jpg,Sensual,classical piano-classical-classical piano-classical,TRUE
Mat McHugh,Love Come Save Me,https://storage.googleapis.com/workthisfucker/ALLLRC/LRCSource313.jpg,Fiery,french jazz-chanson-lounge,TRUE
The Rings,New Wave Classics,https://storage.googleapis.com/workthisfucker/ALLLRC/LRCSource314.jpg,Fiery,americana-folk-alt country,TRUE
The Feelies,The Good Earth,https://storage.googleapis.com/workthisfucker/ALLLRC/LRCSource318.jpg,Urgent,alt country-americana-roots rock,TRUE
Elizabeth Cook,Welder,https://storage.googleapis.com/workthisfucker/ALLLRC/LRCSource319.jpg,Fiery,americana,TRUE
Sin√©ad O'Connor,I Do Not Want What I Haven't Got,https://storage.googleapis.com/workthisfucker/ALLLRC/LRCSource32.jpg,Empowering,alt country-americana-roots rock,TRUE
Eric Clapton,Unplugged (Deluxe Edition),https://storage.googleapis.com/workthisfucker/ALLLRC/LRCSource320.jpg,Brooding,classical piano-classical-classical-classical piano,TRUE
FaithNYC,Love Is A Wish Away,https://storage.googleapis.com/workthisfucker/ALLLRC/LRCSource321.jpg,Romantic,alt country-americana-outlaw country-red dirt-texas country-roots rock,TRUE
John Hiatt,The Best Of John Hiatt,https://storage.googleapis.com/workthisfucker/ALLLRC/LRCSource323.jpg,Fiery,classical piano-classical-classical-classical piano-opera-chamber music,TRUE
John Martyn,Solid Air,https://storage.googleapis.com/workthisfucker/ALLLRC/LRCSource329.jpg,Sensual,alt country-americana-roots rock-country rock,TRUE
Villagers,The Art Of Pretending To Swim,https://storage.googleapis.com/workthisfucker/ALLLRC/LRCSource337.jpg,Sensual,edm-dance,TRUE
BoomBox,Petaluma,https://storage.googleapis.com/workthisfucker/ALLLRC/LRCSource346.jpg,Fiery,alt country-anti-folk-folk punk-singer-songwriter-americana-alt country-americana-indie rock,TRUE
Session Americana,Live at the Haybarn Theatre,https://storage.googleapis.com/workthisfucker/ALLLRC/LRCSource347.jpg,Fiery,bluegrass-newgrass-americana-folk-alt country,TRUE
R√∂yksopp,Forsaken Cowboy,https://storage.googleapis.com/workthisfucker/ALLLRC/LRCSource348.jpg,Peaceful,classical piano-classical-classical-classical piano,TRUE
The Avett Brothers,The Third Gleam,https://storage.googleapis.com/workthisfucker/ALLLRC/LRCSource35.jpg,Sensual,djent-progressive metal-progressive rock,TRUE
Will Kimbrough,I Like It Down Here,https://storage.googleapis.com/workthisfucker/ALLLRC/LRCSource353.jpg,Upbeat,americana-alt country,TRUE
Jason Aldean,I Won't Back Down (Live from Saturday Night Live),https://storage.googleapis.com/workthisfucker/ALLLRC/LRCSource354.jpg,Fiery,edm-dance,TRUE
Lillie Mae,Forever and Then Some,https://storage.googleapis.com/workthisfucker/ALLLRC/LRCSource355.jpg,Easygoing,americana-folk-americana-country-americana-alt country,TRUE
Sin√©ad O'Connor,I Do Not Want What I Haven't Got,https://storage.googleapis.com/workthisfucker/ALLLRC/LRCSource356.jpg,Fiery,alt country-americana-singer-songwriter,TRUE
Emeli Sand√©,Long Live The Angels (Deluxe),https://storage.googleapis.com/workthisfucker/ALLLRC/LRCSource357.jpg,Urgent,classical piano-classical-classical-classical piano-opera-chamber music,TRUE
Carsie Blanton,Fishin' with You,https://storage.googleapis.com/workthisfucker/ALLLRC/LRCSource358.jpg,Fiery,americana,TRUE
Mike Dawes,Êñ∞‰∏ñÁ¥Ä,https://storage.googleapis.com/workthisfucker/ALLLRC/LRCSource36.jpg,Fiery,alt country-americana-singer-songwriter,TRUE
Zac Brown Band& Shawn Mullins,Pass the Jar - Zac Brown Band and Friends from the Fabulous Fox Theatre in Atlanta (Live),https://storage.googleapis.com/workthisfucker/ALLLRC/LRCSource360.jpg,Tender,americana-folk-alt country,TRUE
Les Dynamites,Pop Oud #2,https://storage.googleapis.com/workthisfucker/ALLLRC/LRCSource361.jpg,Easygoing,alt country-americana-roots rock,TRUE
BROS,Vol. 1,https://storage.googleapis.com/workthisfucker/ALLLRC/LRCSource362.jpg,Fiery,alt country-americana-outlaw country,TRUE
Zac Brown Band,Pass the Jar - Zac Brown Band and Friends from the Fabulous Fox Theatre in Atlanta (Live),https://storage.googleapis.com/workthisfucker/ALLLRC/LRCSource364.jpg,Romantic,americana-alt country,TRUE
Kathleen Edwards,Total Freedom,https://storage.googleapis.com/workthisfucker/ALLLRC/LRCSource365.jpg,Fiery,bluegrass-newgrass-americana-folk,TRUE
Tift Merritt,See You On The Moon (Bonus Track Version),https://storage.googleapis.com/workthisfucker/ALLLRC/LRCSource367.jpg,Stirring,classical piano-classical-classical piano-classical,TRUE
Skyway Man,Muddy Water,https://storage.googleapis.com/workthisfucker/ALLLRC/LRCSource368.jpg,Peaceful,alt country-americana-roots rock,TRUE
Counting Crows,Recovering The Satellites,https://storage.googleapis.com/workthisfucker/ALLLRC/LRCSource369.jpg,Somber,americana,TRUE
Frank Turner,England Keep My Bones (Deluxe Edition),https://storage.googleapis.com/workthisfucker/ALLLRC/LRCSource37.jpg,Sensual,art rock,TRUE
Loudon Wainwright III,Strange Weirdos: Music From And Inspired By The Film Knocked Up,https://storage.googleapis.com/workthisfucker/ALLLRC/LRCSource376.jpg,Fiery,alt country-americana-outlaw country,TRUE
Touch & Go,I Find You Very Attractivee,https://storage.googleapis.com/workthisfucker/ALLLRC/LRCSource38.jpg,Melancholy,americana,TRUE
The Olympians,The Olympians,https://storage.googleapis.com/workthisfucker/ALLLRC/LRCSource389.jpg,Serious,alt country-americana-bluegrass,TRUE
John Prine,John Prine (Live),https://storage.googleapis.com/workthisfucker/ALLLRC/LRCSource39.jpg,Fiery,alt country-americana-singer-songwriter,TRUE
Drive-By Truckers,The Perilous Night,https://storage.googleapis.com/workthisfucker/ALLLRC/LRCSource391.jpg,Yearning,americana-alt country,TRUE
John Hiatt,The Best Of John Hiatt,https://storage.googleapis.com/workthisfucker/ALLLRC/LRCSource392.jpg,Fiery,americana-alt country,TRUE
Jerry Garcia,Ripple,https://storage.googleapis.com/workthisfucker/ALLLRC/LRCSource393.jpg,Tender,french jazz-chanson-lounge,TRUE
Swamp Dogg& John Prine,Sorry You Couldn't Make It,https://storage.googleapis.com/workthisfucker/ALLLRC/LRCSource394.jpg,Rowdy,classical piano-classical-classical-classical piano,TRUE
Dominique Fils-Aim√©,Our Roots Run Deep,https://storage.googleapis.com/workthisfucker/ALLLRC/LRCSource396.jpg,Serious,alt country-americana,TRUE
Nickel Creek,Reason's Why (The Very Best),https://storage.googleapis.com/workthisfucker/ALLLRC/LRCSource397.jpg,Tender,art rock,TRUE
San Holo,The Trip EP,https://storage.googleapis.com/workthisfucker/ALLLRC/LRCSource398.jpg,Fiery,americana-alt country,TRUE
KATZROAR,Invocation,https://storage.googleapis.com/workthisfucker/ALLLRC/LRCSource4.jpg,Romantic,americana-bluegrass-alt country-folk-southern gothic,TRUE
Frank Turner,England Keep My Bones (Deluxe Edition),https://storage.googleapis.com/workthisfucker/ALLLRC/LRCSource40.jpg,Rowdy,classical piano-classical-classical piano-classical,TRUE
Sir Victor Uwaifo,Sir Victor Uwaifo: Guitar Boy Superstar 1970-76,https://storage.googleapis.com/workthisfucker/ALLLRC/LRCSource400.jpg,Fiery,alt country-americana-roots rock-country rock,TRUE
Elvis Drew& Avivian,Lapsus,https://storage.googleapis.com/workthisfucker/ALLLRC/LRCSource405.jpg,Yearning,americana-folk-alt country,TRUE
The Be Good Tanyas,Hello Love,https://storage.googleapis.com/workthisfucker/ALLLRC/LRCSource406.jpg,Peaceful,alt country-americana-singer-songwriter,TRUE
Brian Eno,Discreet Music,https://storage.googleapis.com/workthisfucker/ALLLRC/LRCSource407.jpg,Peaceful,alt country-americana-roots rock,TRUE
The Herbaliser,Blow Your Headphones,https://storage.googleapis.com/workthisfucker/ALLLRC/LRCSource408.jpg,Fiery,americana-folk-americana-country-americana-alt country,TRUE
Sylvan Esso,Cluster Flies,https://storage.googleapis.com/workthisfucker/ALLLRC/LRCSource41.jpg,Tender,alt country-americana-outlaw country-red dirt-texas country-roots rock,TRUE
John Hiatt,The Best Of John Hiatt,https://storage.googleapis.com/workthisfucker/ALLLRC/LRCSource412.jpg,Peaceful,art rock,TRUE
Macadam Crocodile,Walk Faster,https://storage.googleapis.com/workthisfucker/ALLLRC/LRCSource416.jpg,Romantic,alt country-americana-roots rock,TRUE
John Mellencamp,Strictly A One-Eyed Jack,https://storage.googleapis.com/workthisfucker/ALLLRC/LRCSource42.jpg,Peaceful,alt country-americana-roots rock,TRUE
Riley Downing,Start It Over,https://storage.googleapis.com/workthisfucker/ALLLRC/LRCSource420.jpg,Peaceful,americana-bluegrass-alt country-folk-southern gothic,TRUE
Counting Crows,Recovering The Satellites,https://storage.googleapis.com/workthisfucker/ALLLRC/LRCSource423.jpg,Tender,alt country-americana-singer-songwriter,TRUE
Michigan Rattlers,Time to Move On,https://storage.googleapis.com/workthisfucker/ALLLRC/LRCSource424.jpg,Yearning,alt country-americana-outlaw country,TRUE
JJ Grey & Mofro,The Choice Cuts,https://storage.googleapis.com/workthisfucker/ALLLRC/LRCSource425.jpg,Gritty,americana,TRUE
"Texas& John McElhone& Wu-Tang Clan& Robert F. ""Prince Rakeem"" Diggs",The Greatest Hits,https://storage.googleapis.com/workthisfucker/ALLLRC/LRCSource426.jpg,Fiery,alt country-americana,TRUE
Bee Gees,One Night Only,https://storage.googleapis.com/workthisfucker/ALLLRC/LRCSource429.jpg,Peaceful,americana,TRUE
Toubab Krewe,Stylo,https://storage.googleapis.com/workthisfucker/ALLLRC/LRCSource43.jpg,Sensual,americana-folk-americana-country-americana-alt country,TRUE
Benjamin Biolay,N√©gatif,https://storage.googleapis.com/workthisfucker/ALLLRC/LRCSource430.jpg,Sensual,classical piano-classical-classical piano-classical,TRUE
Bedouin Soundclash& C≈ìur De Pirate,Light The Horizon,https://storage.googleapis.com/workthisfucker/ALLLRC/LRCSource431.jpg,Sensual,americana,TRUE
DISPATCH,Bang Bang,https://storage.googleapis.com/workthisfucker/ALLLRC/LRCSource44.jpg,Fiery,gnawa,TRUE
Houndmouth,Little Neon Limelight,https://storage.googleapis.com/workthisfucker/ALLLRC/LRCSource440.jpg,Rowdy,americana,TRUE
Anders Osborne,Spacedust & Ocean Views,https://storage.googleapis.com/workthisfucker/ALLLRC/LRCSource451.jpg,Rowdy,americana-folk-alt country,TRUE
Brett Dennen,Por Favor,https://storage.googleapis.com/workthisfucker/ALLLRC/LRCSource452.jpg,Serious,americana,TRUE
Dominique Fils-Aim√©,Our Roots Run Deep,https://storage.googleapis.com/workthisfucker/ALLLRC/LRCSource46.jpg,Yearning,acid jazz-jazz funk,TRUE
John Hiatt,The Best Of John Hiatt,https://storage.googleapis.com/workthisfucker/ALLLRC/LRCSource474.jpg,Fiery,classical piano-classical-classical-classical piano-opera-chamber music,TRUE
Tom Robinson Band,Rising Free - The Very Best Of TRB,https://storage.googleapis.com/workthisfucker/ALLLRC/LRCSource481.jpg,Yearning,alt country-americana-roots rock-country rock,TRUE
Orions Belte,Villa Amorini,https://storage.googleapis.com/workthisfucker/ALLLRC/LRCSource49.jpg,Fiery,alt country-americana,TRUE
The Avett Brothers,Magpie And The Dandelion (Deluxe),https://storage.googleapis.com/workthisfucker/ALLLRC/LRCSource490.jpg,Easygoing,alt country-americana-bluegrass,TRUE
Sin√©ad O'Connor,I Do Not Want What I Haven't Got,https://storage.googleapis.com/workthisfucker/ALLLRC/LRCSource5.jpg,Melancholy,americana,TRUE
Brother Ali,Shadows On The Sun,https://storage.googleapis.com/workthisfucker/ALLLRC/LRCSource507.jpg,Tender,americana,TRUE
Israel Vibration,Stamina,https://storage.googleapis.com/workthisfucker/ALLLRC/LRCSource508.jpg,Yearning,idm-ambient,TRUE
Gregory Alan Isakov,This Empty Northern Hemisphere,https://storage.googleapis.com/workthisfucker/ALLLRC/LRCSource518.jpg,Cool,french jazz-chanson-lounge,TRUE
Phantogram,Voices,https://storage.googleapis.com/workthisfucker/ALLLRC/LRCSource52.jpg,Yearning,americana,TRUE
Nym,Warm Blooded Lizard,https://storage.googleapis.com/workthisfucker/ALLLRC/LRCSource522.jpg,Fiery,free jazz-jazz-free jazz-jazz,TRUE
Traveling Wilburys,The Traveling Wilburys& Vol. 1,https://storage.googleapis.com/workthisfucker/ALLLRC/LRCSource528.jpg,Yearning,alt country-americana,TRUE
John Hiatt,The Best Of John Hiatt,https://storage.googleapis.com/workthisfucker/ALLLRC/LRCSource529.jpg,Fiery,classical-classical piano-classical piano-classical-idm-ambient-shoegaze-downtempo,TRUE
MC YOGI& Matisyahu,Only Love is Real,https://storage.googleapis.com/workthisfucker/ALLLRC/LRCSource53.jpg,Fiery,classical piano-classical-minimalism-classical piano,TRUE
Chris Kasper,Sunlight In An Empty Room,https://storage.googleapis.com/workthisfucker/ALLLRC/LRCSource530.jpg,Yearning,alt country-anti-folk-folk punk-singer-songwriter-americana-alt country-americana-indie rock,TRUE
Jeremy Spencer,Treading Softly,https://storage.googleapis.com/workthisfucker/ALLLRC/LRCSource532.jpg,Fiery,djent-progressive metal-progressive rock,TRUE
Zac Brown Band,Pass the Jar - Zac Brown Band and Friends from the Fabulous Fox Theatre in Atlanta (Live),https://storage.googleapis.com/workthisfucker/ALLLRC/LRCSource54.jpg,Sensual,americana-folk-alt country,TRUE
Jeff Tweedy,Together At Last,https://storage.googleapis.com/workthisfucker/ALLLRC/LRCSource543.jpg,Yearning,alt country-americana-singer-songwriter,TRUE
Ed Sheeran& Yelawolf,The Slumdon Bridge,https://storage.googleapis.com/workthisfucker/ALLLRC/LRCSource544.jpg,Peaceful,americana-folk-americana-country-americana-alt country,TRUE
John Hiatt& Rosanne Cash,The Best Of John Hiatt,https://storage.googleapis.com/workthisfucker/ALLLRC/LRCSource545.jpg,Empowering,americana-folk-alt country,TRUE
The Cars,The Cars,https://storage.googleapis.com/workthisfucker/ALLLRC/LRCSource547.jpg,Peaceful,alt country-americana,TRUE
UB40,Promises And Lies,https://storage.googleapis.com/workthisfucker/ALLLRC/LRCSource548.jpg,Yearning,alt country-americana-roots rock,TRUE
Mondo Cozmo,New Medicine,https://storage.googleapis.com/workthisfucker/ALLLRC/LRCSource549.jpg,Yearning,country-classic country,TRUE
Nataly Dawn& Sheriffs of Schroedingham,Never Going Back Again,https://storage.googleapis.com/workthisfucker/ALLLRC/LRCSource550.jpg,Serious,alt country-americana-roots rock-country rock,TRUE
Ken Werner& Abigail Lapell,News for the Blues,https://storage.googleapis.com/workthisfucker/ALLLRC/LRCSource551.jpg,Fiery,americana,TRUE
Dan Mangan,Nice& Nice& Very Nice (10th Anniversary Deluxe Edition),https://storage.googleapis.com/workthisfucker/ALLLRC/LRCSource552.jpg,Upbeat,alt country-americana-bluegrass,TRUE
Shawn Mendes,Shawn Mendes,https://storage.googleapis.com/workthisfucker/ALLLRC/LRCSource553.jpg,Serious,classical piano-classical-minimalism-classical piano,TRUE
David Byrne& St. Vincent,Love This Giant,https://storage.googleapis.com/workthisfucker/ALLLRC/LRCSource554.jpg,Sensual,acid jazz-jazz funk,TRUE
Uncle Tupelo,Uncle Tupelo 89/93: An Anthology,https://storage.googleapis.com/workthisfucker/ALLLRC/LRCSource556.jpg,Fiery,french jazz-chanson-lounge,TRUE
Madeleine Peyroux,We Might As Well Dance,https://storage.googleapis.com/workthisfucker/ALLLRC/LRCSource56.jpg,Empowering,americana-bluegrass-alt country-folk-southern gothic,TRUE
Mondo Cozmo,Upside Down,https://storage.googleapis.com/workthisfucker/ALLLRC/LRCSource560.jpg,Serious,americana,TRUE
Frank Turner,Songbook,https://storage.googleapis.com/workthisfucker/ALLLRC/LRCSource561.jpg,Yearning,acid jazz-jazz funk,TRUE
Lee Ann Womack,The Lonely& The Lonesome & The Gone,https://storage.googleapis.com/workthisfucker/ALLLRC/LRCSource565.jpg,Yearning,americana-folk-alt country,TRUE
Robert Palmer,Pressure Drop,https://storage.googleapis.com/workthisfucker/ALLLRC/LRCSource566.jpg,Fiery,alt country-anti-folk-folk punk-singer-songwriter-americana-alt country-americana-indie rock,TRUE
Patti Smith,Outside Society,https://storage.googleapis.com/workthisfucker/ALLLRC/LRCSource567.jpg,Fiery,alt country-americana-outlaw country,TRUE
Chris Joss,Misophonia,https://storage.googleapis.com/workthisfucker/ALLLRC/LRCSource570.jpg,Melancholy,americana-alt country,TRUE
Gregory Isaacs,Private Beach Party,https://storage.googleapis.com/workthisfucker/ALLLRC/LRCSource571.jpg,Fiery,americana-folk-alt country,TRUE
daste.,Same as It Ever Was,https://storage.googleapis.com/workthisfucker/ALLLRC/LRCSource572.jpg,Fiery,americana-bluegrass-alt country-folk-southern gothic,TRUE
MasterBTS Productions,Sweet Heart,https://storage.googleapis.com/workthisfucker/ALLLRC/LRCSource573.jpg,Yearning,djent-progressive metal-progressive rock,TRUE
Colbey,Journey Man,https://storage.googleapis.com/workthisfucker/ALLLRC/LRCSource577.jpg,Fiery,alt country-americana-bluegrass,TRUE
Session Americana,Live at the Haybarn Theatre,https://storage.googleapis.com/workthisfucker/ALLLRC/LRCSource578.jpg,Tender,bluegrass-newgrass-americana-folk,TRUE
Radiohead,The Bends,https://storage.googleapis.com/workthisfucker/ALLLRC/LRCSource579.jpg,Fiery,americana,TRUE
Gillian Welch,Revival,https://storage.googleapis.com/workthisfucker/ALLLRC/LRCSource58.jpg,Peaceful,edm-dance,TRUE
The Be Good Tanyas,Hello Love,https://storage.googleapis.com/workthisfucker/ALLLRC/LRCSource581.jpg,Sensual,alt country-americana,TRUE
Bob Marley & The Wailers,Gold,https://storage.googleapis.com/workthisfucker/ALLLRC/LRCSource582.jpg,Romantic,alt country-americana-singer-songwriter,TRUE
Orions Belte,Villa Amorini,https://storage.googleapis.com/workthisfucker/ALLLRC/LRCSource585.jpg,Sensual,afro soul-afropop,TRUE
Emapea,Reflection,https://storage.googleapis.com/workthisfucker/ALLLRC/LRCSource593.jpg,Fiery,americana,TRUE
Redbird,Live At The Cafe Carpe,https://storage.googleapis.com/workthisfucker/ALLLRC/LRCSource594.jpg,Fiery,americana,TRUE
Cabinet,Silver Sun,https://storage.googleapis.com/workthisfucker/ALLLRC/LRCSource598.jpg,Yearning,classical piano-classical-classical-classical piano,TRUE
Led Zeppelin,Led Zeppelin III (Remaster),https://storage.googleapis.com/workthisfucker/ALLLRC/LRCSource599.jpg,Urgent,country-classic country,TRUE
Miles Davis,Sketches Of Spain 50th Anniversary (Legacy Edition),https://storage.googleapis.com/workthisfucker/ALLLRC/LRCSource6.jpg,Peaceful,bluegrass-newgrass-americana-folk-alt country,TRUE
Tom Petty and the Heartbreakers,Into The Great Wide Open,https://storage.googleapis.com/workthisfucker/ALLLRC/LRCSource600.jpg,Sensual,alt country-anti-folk-folk punk-singer-songwriter-americana-alt country-americana-indie rock,TRUE
Groove Armada,Lovebox,https://storage.googleapis.com/workthisfucker/ALLLRC/LRCSource601.jpg,Yearning,americana,TRUE
Aloe Blacc,Lift Your Spirit,https://storage.googleapis.com/workthisfucker/ALLLRC/LRCSource602.jpg,Fiery,alt country-americana-outlaw country-red dirt-texas country-roots rock,TRUE
Charlie Mars,Like a Bird& Like a Plane,https://storage.googleapis.com/workthisfucker/ALLLRC/LRCSource603.jpg,Romantic,alt country-americana-roots rock,TRUE
Sin√©ad O'Connor,I Do Not Want What I Haven't Got,https://storage.googleapis.com/workthisfucker/ALLLRC/LRCSource604.jpg,Easygoing,alt country-americana-singer-songwriter,TRUE
Shuggie Otis& Carmine Appice& Tony Franklin,Inter-Fusion,https://storage.googleapis.com/workthisfucker/ALLLRC/LRCSource605.jpg,Melancholy,art rock,TRUE
Snoop Dogg& Dr. Dre& Tom Petty& Jelly Roll,Missionary,https://storage.googleapis.com/workthisfucker/ALLLRC/LRCSource606.jpg,Fiery,americana,TRUE
twiddy,Live from the Bowling Alley,https://storage.googleapis.com/workthisfucker/ALLLRC/LRCSource607.jpg,Urgent,alt country-americana-bluegrass,TRUE
The Rolling Stones,Live At The Wiltern,https://storage.googleapis.com/workthisfucker/ALLLRC/LRCSource608.jpg,Fiery,americana-folk-americana-country-americana-alt country,TRUE
Mumford & Sons,Malibu,https://storage.googleapis.com/workthisfucker/ALLLRC/LRCSource609.jpg,Fiery,americana-bluegrass-alt country-folk-southern gothic,TRUE
Funkadelic,Maggot Brain,https://storage.googleapis.com/workthisfucker/ALLLRC/LRCSource610.jpg,Fiery,americana-folk-americana-country-americana-alt country,TRUE
Frank Zappa,Joe's Garage Acts I& II & III,https://storage.googleapis.com/workthisfucker/ALLLRC/LRCSource611.jpg,Easygoing,alt country-anti-folk-folk punk-singer-songwriter-americana-alt country-americana-indie rock,TRUE
The Mighty Rootsmen& Toots & The Maytals& Gregory Isaacs& Mykal Rose,I Won't Back Down,https://storage.googleapis.com/workthisfucker/ALLLRC/LRCSource612.jpg,Serious,alt country-americana,TRUE
ZZ Top,La Futura,https://storage.googleapis.com/workthisfucker/ALLLRC/LRCSource613.jpg,Fiery,classical piano-classical-classical piano-classical,TRUE
Dori Freeman,Letters Never Read,https://storage.googleapis.com/workthisfucker/ALLLRC/LRCSource614.jpg,Urgent,djent-progressive metal-progressive rock,TRUE
Meshell Ndegeocello,Ventriloquism,https://storage.googleapis.com/workthisfucker/ALLLRC/LRCSource616.jpg,Easygoing,americana,TRUE
Hockey Dad,Rebuild Repeat,https://storage.googleapis.com/workthisfucker/ALLLRC/LRCSource617.jpg,Fiery,americana,TRUE
BALTHVS,Third Vibration,https://storage.googleapis.com/workthisfucker/ALLLRC/LRCSource618.jpg,Fiery,americana-bluegrass-alt country-folk-southern gothic,TRUE
Ted Hawkins,The Next Hundred Years,https://storage.googleapis.com/workthisfucker/ALLLRC/LRCSource620.jpg,Tender,alt country-americana-bluegrass,TRUE
Hard Working Americans,Hard Working Americans,https://storage.googleapis.com/workthisfucker/ALLLRC/LRCSource628.jpg,Fiery,art rock,TRUE
Rufus & Chaka Khan& Chaka Khan,Rags To Rufus,https://storage.googleapis.com/workthisfucker/ALLLRC/LRCSource629.jpg,Sensual,free jazz-jazz-free jazz-jazz,TRUE
Eels,Tomorrow Morning (Deluxe),https://storage.googleapis.com/workthisfucker/ALLLRC/LRCSource63.jpg,Serious,alt country-americana-roots rock,TRUE
John Hiatt,The Best Of John Hiatt,https://storage.googleapis.com/workthisfucker/ALLLRC/LRCSource632.jpg,Fiery,bluegrass-newgrass-americana-folk-alt country,TRUE
John Hiatt,The Best Of John Hiatt,https://storage.googleapis.com/workthisfucker/ALLLRC/LRCSource634.jpg,Fiery,classical piano-classical-minimalism-classical piano,TRUE
The Lumineers,Ophelia,https://storage.googleapis.com/workthisfucker/ALLLRC/LRCSource64.jpg,Fiery,bluegrass-newgrass-americana-folk,TRUE
Xavier Rudd,White Moth,https://storage.googleapis.com/workthisfucker/ALLLRC/LRCSource640.jpg,Empowering,alt country-americana-roots rock,TRUE
John Hiatt,The Best Of John Hiatt,https://storage.googleapis.com/workthisfucker/ALLLRC/LRCSource641.jpg,Yearning,americana-folk-alt country,TRUE
John Prine& Iris DeMent,In Spite of Ourselves,https://storage.googleapis.com/workthisfucker/ALLLRC/LRCSource643.jpg,Yearning,americana,TRUE
John Cale,Vintage Violence,https://storage.googleapis.com/workthisfucker/ALLLRC/LRCSource647.jpg,Fiery,classical piano-classical-classical piano-classical,TRUE
Rosanne Cash,The List,https://storage.googleapis.com/workthisfucker/ALLLRC/LRCSource648.jpg,Fiery,classical piano-classical-classical-classical piano,TRUE
The Revivalists,The Revivalists,https://storage.googleapis.com/workthisfucker/ALLLRC/LRCSource65.jpg,Fiery,alt country-americana-outlaw country-red dirt-texas country-roots rock,TRUE
Nym,Warm Blooded Lizard,https://storage.googleapis.com/workthisfucker/ALLLRC/LRCSource650.jpg,Stirring,classical piano-classical-classical piano-classical,TRUE
James McMurtry,Walk Between The Raindrops,https://storage.googleapis.com/workthisfucker/ALLLRC/LRCSource656.jpg,Fiery,classical piano-classical-classical piano-classical,TRUE
Dan Auerbach,Waiting on a Song,https://storage.googleapis.com/workthisfucker/ALLLRC/LRCSource657.jpg,Sensual,classical piano-classical-classical piano-classical,TRUE
Joe Cocker,Mad Dogs & Englishmen (Deluxe Edition),https://storage.googleapis.com/workthisfucker/ALLLRC/LRCSource658.jpg,Rowdy,alt country-americana-roots rock,TRUE
Yusuf / Cat Stevens,Tea For The Tillerman (Remastered 2020),https://storage.googleapis.com/workthisfucker/ALLLRC/LRCSource663.jpg,Fiery,americana,TRUE
Gillian Welch,Revival,https://storage.googleapis.com/workthisfucker/ALLLRC/LRCSource665.jpg,Sensual,djent-progressive metal-progressive rock,TRUE
Birdtalker,One,https://storage.googleapis.com/workthisfucker/ALLLRC/LRCSource674.jpg,Empowering,americana,TRUE
The Cat Empire,Two Shoes,https://storage.googleapis.com/workthisfucker/ALLLRC/LRCSource676.jpg,Sensual,classical piano-classical-classical piano-classical,TRUE
Drive-By Truckers,The Dirty South,https://storage.googleapis.com/workthisfucker/ALLLRC/LRCSource677.jpg,Fiery,djent-progressive metal-progressive rock,TRUE
The Devil Makes Three,The Devil Makes Three,https://storage.googleapis.com/workthisfucker/ALLLRC/LRCSource678.jpg,Fiery,bluegrass-newgrass-americana-folk-alt country,TRUE
Toussaint Morrison,Toussaint Morrison Is Not My Boyfriend,https://storage.googleapis.com/workthisfucker/ALLLRC/LRCSource68.jpg,Sensual,classical piano-classical-classical-classical piano,TRUE
Tom Robinson Band,Rising Free - The Very Best Of TRB,https://storage.googleapis.com/workthisfucker/ALLLRC/LRCSource682.jpg,Sensual,alt country-americana-roots rock-country rock,TRUE
John Hiatt,The Best Of John Hiatt,https://storage.googleapis.com/workthisfucker/ALLLRC/LRCSource683.jpg,Fiery,americana-folk-alt country,TRUE
John Hiatt,The Best Of John Hiatt,https://storage.googleapis.com/workthisfucker/ALLLRC/LRCSource684.jpg,Fiery,classical piano-classical-classical-classical piano-opera-chamber music,TRUE
Flash and the Pan,New Wave Classics,https://storage.googleapis.com/workthisfucker/ALLLRC/LRCSource685.jpg,Tender,americana-folk-alt country,TRUE
Solex,Pick Up,https://storage.googleapis.com/workthisfucker/ALLLRC/LRCSource69.jpg,Tender,classical piano-classical-classical-classical piano,TRUE
Frank Turner,Undefeated,https://storage.googleapis.com/workthisfucker/ALLLRC/LRCSource691.jpg,Fiery,alt country-americana-roots rock,TRUE
UB40& Chrissie Hynde,UB40,https://storage.googleapis.com/workthisfucker/ALLLRC/LRCSource693.jpg,Tender,alt country-anti-folk-folk punk-singer-songwriter-americana-alt country-americana-indie rock,TRUE
South Austin Jug Band,South Austin Jug Band,https://storage.googleapis.com/workthisfucker/ALLLRC/LRCSource694.jpg,Sensual,americana-alt country,TRUE
Cowboy Junkies,The Wilderness - The Nomad Series& Vol.4,https://storage.googleapis.com/workthisfucker/ALLLRC/LRCSource696.jpg,Sensual,americana-bluegrass-alt country-folk-southern gothic,TRUE
Billy Bragg& Wilco,Mermaid Avenue,https://storage.googleapis.com/workthisfucker/ALLLRC/LRCSource7.jpg,Brooding,gnawa,TRUE
Sin√©ad O'Connor,I Do Not Want What I Haven't Got,https://storage.googleapis.com/workthisfucker/ALLLRC/LRCSource70.jpg,Empowering,americana,TRUE
Reckless Kelly,Sunset Motel,https://storage.googleapis.com/workthisfucker/ALLLRC/LRCSource71.jpg,Fiery,free jazz-jazz-free jazz-jazz,TRUE
Kenny Malone& Danny Thompson& Darrell Scott,Live In NC,https://storage.googleapis.com/workthisfucker/ALLLRC/LRCSource711.jpg,Urgent,alt country-americana-roots rock-country rock,TRUE
Van Morrison,Wavelength,https://storage.googleapis.com/workthisfucker/ALLLRC/LRCSource713.jpg,Romantic,alt country-americana-roots rock,TRUE
Josh Ritter,Hello Starling,https://storage.googleapis.com/workthisfucker/ALLLRC/LRCSource72.jpg,Fiery,alt country-americana-roots rock,TRUE
The Kinks,Low Budget,https://storage.googleapis.com/workthisfucker/ALLLRC/LRCSource73.jpg,Fiery,djent-progressive metal-progressive rock,TRUE
Anouar Brahem,Astrakan Caf√©,https://storage.googleapis.com/workthisfucker/ALLLRC/LRCSource74.jpg,Sensual,french jazz-chanson-lounge,TRUE
Carolina Story,Lay Your Head Down,https://storage.googleapis.com/workthisfucker/ALLLRC/LRCSource75.jpg,Stirring,country-classic country,TRUE
Anderson .Paak,Malibu,https://storage.googleapis.com/workthisfucker/ALLLRC/LRCSource76.jpg,Serious,americana-alt country,TRUE
Ike Reilly,Salesmen & Racists,https://storage.googleapis.com/workthisfucker/ALLLRC/LRCSource77.jpg,Fiery,alt country-americana,TRUE
Frank Turner,England Keep My Bones (Deluxe Edition),https://storage.googleapis.com/workthisfucker/ALLLRC/LRCSource78.jpg,Gritty,classical piano-classical-minimalism-classical piano,TRUE
Molly Tuttle,...but i'd rather be with you,https://storage.googleapis.com/workthisfucker/ALLLRC/LRCSource79.jpg,Somber,classical piano-classical-classical piano-classical,TRUE
The Supremes,Favorites,https://storage.googleapis.com/workthisfucker/ALLLRC/LRCSource8.jpg,Yearning,alt country-americana-roots rock,TRUE
Beth Hart,Bang Bang Boom Boom,https://storage.googleapis.com/workthisfucker/ALLLRC/LRCSource80.jpg,Yearning,alt country-americana-roots rock,TRUE
Taylor Swift& Lana Del Rey,Midnights (The Til Dawn Edition),https://storage.googleapis.com/workthisfucker/ALLLRC/LRCSource800.jpeg,Fiery,classical-classical piano-classical piano-classical-idm-ambient-shoegaze-downtempo,TRUE
DOPE LEMON,Honey Bones,https://storage.googleapis.com/workthisfucker/ALLLRC/LRCSource801.jpeg,Serious,alt country-americana,TRUE
John Hiatt,The Best Of John Hiatt,https://storage.googleapis.com/workthisfucker/ALLLRC/LRCSource802.jpeg,Empowering,classical piano-classical-classical piano-classical,TRUE
John Prine,John Prine (Live),https://storage.googleapis.com/workthisfucker/ALLLRC/LRCSource803.jpeg,Peaceful,classical piano-classical-classical piano-classical,TRUE
Skyway Man,Greetings from Marquette: Music from Joe Pera Talks With You Season 2,https://storage.googleapis.com/workthisfucker/ALLLRC/LRCSource804.jpeg,Fiery,classical piano-classical-classical piano-classical,TRUE
Frank Turner,Songbook,https://storage.googleapis.com/workthisfucker/ALLLRC/LRCSource805.jpeg,Yearning,alt country-americana,TRUE
Patti Smith,Dream Of Life,https://storage.googleapis.com/workthisfucker/ALLLRC/LRCSource806.jpeg,Yearning,alt country-americana,TRUE
Charles Bradley& The Budos Band,Changes,https://storage.googleapis.com/workthisfucker/ALLLRC/LRCSource807.jpeg,Fiery,gnawa,TRUE
Parker Millsap& Lockeland Strings,Palisade,https://storage.googleapis.com/workthisfucker/ALLLRC/LRCSource808.jpeg,Romantic,americana,TRUE
Bob Dylan& Johnny Cash,Nashville Skyline,https://storage.googleapis.com/workthisfucker/ALLLRC/LRCSource809.jpeg,Sensual,alt country-americana-roots rock-country rock,TRUE
Shovels & Rope& Brandi Carlile,Busted Jukebox Volume 2,https://storage.googleapis.com/workthisfucker/ALLLRC/LRCSource81.jpg,Peaceful,americana-alt country,TRUE
R.E.M.& Jacknife Lee,Radio Free Europe 2025,https://storage.googleapis.com/workthisfucker/ALLLRC/LRCSource810.jpeg,Upbeat,americana,TRUE
Our Brother George,Free Cocaine,https://storage.googleapis.com/workthisfucker/ALLLRC/LRCSource811.jpeg,Serious,classical-classical piano-classical piano-classical-idm-ambient-shoegaze-downtempo,TRUE
Guy Clark,Guy Clark: The Best of the Dualtone Years,https://storage.googleapis.com/workthisfucker/ALLLRC/LRCSource812.jpeg,Yearning,americana,TRUE
Carla Bruni& Nouvelle Vague,Miss You (Nouvelle Vague Remix),https://storage.googleapis.com/workthisfucker/ALLLRC/LRCSource813.jpeg,Peaceful,americana-alt country,TRUE
Foo Fighters,Greatest Hits,https://storage.googleapis.com/workthisfucker/ALLLRC/LRCSource814.jpeg,Sensual,alt country-anti-folk-folk punk-singer-songwriter-americana-alt country-americana-indie rock,TRUE
Bruce Hornsby,Halcyon Days (Expanded Edition),https://storage.googleapis.com/workthisfucker/ALLLRC/LRCSource815.jpeg,Serious,alt country-americana,TRUE
Willie Nelson& Lukas Nelson,Heroes,https://storage.googleapis.com/workthisfucker/ALLLRC/LRCSource816.jpeg,Tender,classical piano-classical-classical piano-classical,TRUE
World Party,Goodbye Jumbo,https://storage.googleapis.com/workthisfucker/ALLLRC/LRCSource817.jpeg,Fiery,classical-classical piano-classical piano-classical-idm-ambient-shoegaze-downtempo,TRUE
Frank Turner,England Keep My Bones (Deluxe Edition),https://storage.googleapis.com/workthisfucker/ALLLRC/LRCSource818.jpeg,Fiery,bluegrass-newgrass-americana-folk-alt country,TRUE
Jenny Lewis,Acid Tongue,https://storage.googleapis.com/workthisfucker/ALLLRC/LRCSource819.jpeg,Sensual,idm-ambient,TRUE
√ñmer Balƒ±k,Coffee Blues,https://storage.googleapis.com/workthisfucker/ALLLRC/LRCSource82.jpg,Tender,americana-folk-americana-country-americana-alt country,TRUE
Buckethead,Colma,https://storage.googleapis.com/workthisfucker/ALLLRC/LRCSource820.jpeg,Sensual,americana,TRUE
Jackson Browne& Gregg Allman,All My Friends: Celebrating The Songs & Voice Of Gregg Allman,https://storage.googleapis.com/workthisfucker/ALLLRC/LRCSource821.jpeg,Urgent,alt country-americana-outlaw country,TRUE
Chris Thile& Brad Mehldau,Chris Thile & Brad Mehldau,https://storage.googleapis.com/workthisfucker/ALLLRC/LRCSource822.jpeg,Empowering,alt country-americana-outlaw country-red dirt-texas country-roots rock,TRUE
Flowering Inferno& Quantic,Death of the Revolution,https://storage.googleapis.com/workthisfucker/ALLLRC/LRCSource823.jpeg,Romantic,edm-dance,TRUE
Ken Yates,Quiet Talkers,https://storage.googleapis.com/workthisfucker/ALLLRC/LRCSource824.jpeg,Upbeat,alt country-americana-roots rock,TRUE
Aaron Lee Tasjan,Silver Tears,https://storage.googleapis.com/workthisfucker/ALLLRC/LRCSource825.jpeg,Upbeat,classical piano-classical-classical piano-classical,TRUE
Billy Gibbons And The BFG's,Perfectamundo,https://storage.googleapis.com/workthisfucker/ALLLRC/LRCSource826.jpeg,Fiery,classical piano-classical-classical piano-classical,TRUE
Drive-By Truckers,Go-Go Boots,https://storage.googleapis.com/workthisfucker/ALLLRC/LRCSource827.jpeg,Sensual,alt country-americana-singer-songwriter,TRUE
Israel Nash,Israel Nash's Rain Plans,https://storage.googleapis.com/workthisfucker/ALLLRC/LRCSource828.jpeg,Peaceful,classical piano-classical-minimalism-classical piano,TRUE
Sin√©ad O'Connor,I Do Not Want What I Haven't Got,https://storage.googleapis.com/workthisfucker/ALLLRC/LRCSource829.jpeg,Rowdy,alt country-americana-singer-songwriter,TRUE
Manchester Orchestra,A Black Mile To The Surface,https://storage.googleapis.com/workthisfucker/ALLLRC/LRCSource83.jpg,Sensual,americana,TRUE
Todd Thibaud,Live,https://storage.googleapis.com/workthisfucker/ALLLRC/LRCSource830.jpeg,Yearning,edm-dance,TRUE
Grayson Capps,Scarlett Roses,https://storage.googleapis.com/workthisfucker/ALLLRC/LRCSource831.jpeg,Fiery,art rock,TRUE
Patty Griffin,A Kiss In Time,https://storage.googleapis.com/workthisfucker/ALLLRC/LRCSource84.jpg,Sensual,art rock,TRUE
Rush,Hold Your Fire,https://storage.googleapis.com/workthisfucker/ALLLRC/LRCSource85.jpg,Yearning,bluegrass-newgrass-americana-folk,TRUE
Tigerblood Jewel,Virginia Highway,https://storage.googleapis.com/workthisfucker/ALLLRC/LRCSource86.jpg,Fiery,americana,TRUE
John Hiatt,The Best Of John Hiatt,https://storage.googleapis.com/workthisfucker/ALLLRC/LRCSource87.jpg,Fiery,classical piano-classical-classical piano-classical,TRUE
Eric Church,All My Friends: Celebrating The Songs & Voice Of Gregg Allman,https://storage.googleapis.com/workthisfucker/ALLLRC/LRCSource88.jpg,Fiery,alt country-americana,TRUE
The Revivalists,All My Friends,https://storage.googleapis.com/workthisfucker/ALLLRC/LRCSource89.jpg,Stirring,free jazz-jazz-free jazz-jazz,TRUE
The Green,Hawai'i 13,https://storage.googleapis.com/workthisfucker/ALLLRC/LRCSource9.jpg,Sensual,alt country-anti-folk-folk punk-singer-songwriter-americana-alt country-americana-indie rock,TRUE
Eilen Jewell,Queen of the Minor Key,https://storage.googleapis.com/workthisfucker/ALLLRC/LRCSource90.jpg,Fiery,alt country-americana-roots rock,TRUE
Eliza Gilkyson,2020,https://storage.googleapis.com/workthisfucker/ALLLRC/LRCSource91.jpg,Serious,classical piano-classical-classical-classical piano,TRUE
Lime Cordiale,14 Steps To A Better You,https://storage.googleapis.com/workthisfucker/ALLLRC/LRCSource92.jpg,Upbeat,americana-bluegrass-alt country-folk-southern gothic,TRUE
David Gray,Money (That's What I Want) [From Jim Beam's Live Music Series],https://storage.googleapis.com/workthisfucker/ALLLRC/LRCSource93.jpg,Fiery,alt country-americana,TRUE
Tex Perkins& The Fat Rubber Band& Matt Walker,TEX PERKINS & THE FAT RUBBER BAND,https://storage.googleapis.com/workthisfucker/ALLLRC/LRCSource94.jpg,Urgent,classical piano-classical-minimalism-classical piano,TRUE
Soho,Goddess,https://storage.googleapis.com/workthisfucker/ALLLRC/LRCSource96.jpg,Fiery,alt country-americana-singer-songwriter,TRUE
Audioslave,Out of Exile,https://storage.googleapis.com/workthisfucker/ALLLRC/LRCSource97.jpg,Fiery,classical-classical piano-classical piano-classical-idm-ambient-shoegaze-downtempo,TRUE
Matisyahu,Light,https://storage.googleapis.com/workthisfucker/ALLLRC/LRCSource98.jpg,Urgent,americana,TRUE
The Barr Brothers,Let it Hiss,https://storage.googleapis.com/workthisfucker/ALLLRC/LRCTEA02021PRO.jpeg,Serious,afro soul-afropop,TRUE
Craig Cardiff,Mothers & Daughters,https://storage.googleapis.com/workthisfucker/ALLLRC/LRCTEA02022PRO.jpeg,Fiery,alt country-americana-outlaw country,TRUE
Natalie Merchant,Keep Your Courage,https://storage.googleapis.com/workthisfucker/ALLLRC/LRCTEA02023PRO.jpeg,Fiery,alt country-anti-folk-folk punk-singer-songwriter-americana-alt country-americana-indie rock,TRUE
Session Americana& Merrie Amsterburg,Northeast,https://storage.googleapis.com/workthisfucker/ALLLRC/LRCTEA02024PRO.jpeg,Melancholy,americana-alt country,TRUE